alpha,mu,lambda,participation,promote,oppose
,26.0,0.0,1.0,0.0,0.0
,29.0,0.06,1.0,0.0,0.0
,28.0,0.04,1.0,0.0,0.0
,27.0,0.02,1.0,0.0,0.0
,30.0,0.08,1.0,0.0,0.0
,7.0,0.14,1.0,0.0,0.0
,32.0,0.12,1.0,0.0,0.0
,5.0,0.1,1.0,0.0,0.0
,6.0,0.12,1.0,0.0,0.0
,35.0,0.18,1.0,0.0,0.0
,30.0,0.06,1.0,0.0,0.0
,33.0,0.14,1.0,0.0,0.0
,8.0,0.16,1.0,0.0,0.0
,31.0,0.08,1.0,0.0,0.0
,31.0,0.1,1.0,0.0,0.0
,27.0,0.0,1.0,0.0,0.0
,9.0,0.18,1.0,0.0,0.0
,11.0,0.22,1.0,0.0,0.0
,8.0,0.14,1.0,0.0,0.0
,29.0,0.04,1.0,0.0,0.0
,36.0,0.18,1.0,0.0,0.0
,28.0,0.02,1.0,0.0,0.0
,10.0,0.2,1.0,0.0,0.0
,34.0,0.16,1.0,0.0,0.0
,34.0,0.14,1.0,0.0,0.0
,7.0,0.12,1.0,0.0,0.0
,32.0,0.08,1.0,0.0,0.0
,33.0,0.12,1.0,0.0,0.0
,9.0,0.16,1.0,0.0,0.0
,31.0,0.06,1.0,0.0,0.0
,32.0,0.1,1.0,0.0,0.0
,6.0,0.1,1.0,0.0,0.0
,35.0,0.14,1.0,0.0,0.0
,9.0,0.14,1.0,0.0,0.0
,11.0,0.2,1.0,0.0,0.0
,28.0,0.0,1.0,0.0,0.0
,10.0,0.18,1.0,0.0,0.0
,33.0,0.08,1.0,0.0,0.0
,12.0,0.22,1.0,0.0,0.0
,32.0,0.06,1.0,0.0,0.0
,10.0,0.16,1.0,0.0,0.0
,37.0,0.18,1.0,0.0,0.0
,35.0,0.16,1.0,0.0,0.0
,30.0,0.04,1.0,0.0,0.0
,36.0,0.2,1.0,0.0,0.0
,8.0,0.12,1.0,0.0,0.0
,29.0,0.02,1.0,0.0,0.0
,37.0,0.22,1.0,0.0,0.0
,34.0,0.12,1.0,0.0,0.0
,10.0,0.14,1.0,0.0,0.0
,38.0,0.24,1.0,0.0,0.0
,7.0,0.1,1.0,0.0,0.0
,36.0,0.14,1.0,0.0,0.0
,33.0,0.1,1.0,0.0,0.0
,31.0,0.04,1.0,0.0,0.0
,34.0,0.08,1.0,0.0,0.0
,29.0,0.0,1.0,0.0,0.0
,33.0,0.06,1.0,0.0,0.0
,12.0,0.2,1.0,0.0,0.0
,11.0,0.18,1.0,0.0,0.0
,11.0,0.16,1.0,0.0,0.0
,36.0,0.16,1.0,0.0,0.0
,38.0,0.18,1.0,0.0,0.0
,13.0,0.22,1.0,0.0,0.0
,30.0,0.02,1.0,0.0,0.0
,37.0,0.2,1.0,0.0,0.0
,9.0,0.12,1.0,0.0,0.0
,8.0,0.1,1.0,0.0,0.0
,12.0,0.24,1.0,0.0,0.0
,37.0,0.14,1.0,0.0,0.0
,11.0,0.14,1.0,0.0,0.0
,35.0,0.12,1.0,0.0,0.0
,34.0,0.1,1.0,0.0,0.0
,37.0,0.16,1.0,0.0,0.0
,38.0,0.22,1.0,0.0,0.0
,39.0,0.24,1.0,0.0,0.0
,34.0,0.06,1.0,0.0,0.0
,35.0,0.08,1.0,0.0,0.0
,12.0,0.16,1.0,0.0,0.0
,32.0,0.04,1.0,0.0,0.0
,31.0,0.02,1.0,0.0,0.0
,30.0,0.0,1.0,0.0,0.0
,12.0,0.18,1.0,0.0,0.0
,39.0,0.18,1.0,0.0,0.0
,14.0,0.22,1.0,0.0,0.0
,38.0,0.2,1.0,0.0,0.0
,13.0,0.2,1.0,0.0,0.0
,38.0,0.14,1.0,0.0,0.0
,9.0,0.1,1.0,0.0,0.0
,10.0,0.12,1.0,0.0,0.0
,13.0,0.24,1.0,0.0,0.0
,35.0,0.1,1.0,0.0,0.0
,35.0,0.06,1.0,0.0,0.0
,38.0,0.16,1.0,0.0,0.0
,36.0,0.12,1.0,0.0,0.0
,12.0,0.14,1.0,0.0,0.0
,39.0,0.22,1.0,0.0,0.0
,40.0,0.24,1.0,0.0,0.0
,33.0,0.04,1.0,0.0,0.0
,36.0,0.08,1.0,0.0,0.0
,32.0,0.02,1.0,0.0,0.0
,31.0,0.0,1.0,0.0,0.0
,13.0,0.18,1.0,0.0,0.0
,40.0,0.18,1.0,0.0,0.0
,39.0,0.2,1.0,0.0,0.0
,14.0,0.2,1.0,0.0,0.0
,39.0,0.14,1.0,0.0,0.0
,10.0,0.1,1.0,0.0,0.0
,11.0,0.12,1.0,0.0,0.0
,14.0,0.24,1.0,0.0,0.0
,13.0,0.16,1.0,0.0,0.0
,15.0,0.22,1.0,0.0,0.0
,36.0,0.06,1.0,0.0,0.0
,37.0,0.12,1.0,0.0,0.0
,13.0,0.14,1.0,0.0,0.0
,34.0,0.04,1.0,0.0,0.0
,37.0,0.08,1.0,0.0,0.0
,40.0,0.22,1.0,0.0,0.0
,41.0,0.24,1.0,0.0,0.0
,33.0,0.02,1.0,0.0,0.0
,41.0,0.18,1.0,0.0,0.0
,14.0,0.18,1.0,0.0,0.0
,32.0,0.0,1.0,0.0,0.0
,40.0,0.2,1.0,0.0,0.0
,15.0,0.2,1.0,0.0,0.0
,40.0,0.14,1.0,0.0,0.0
,11.0,0.1,1.0,0.0,0.0
,12.0,0.12,1.0,0.0,0.0
,39.0,0.16,1.0,0.0,0.0
,38.0,0.12,1.0,0.0,0.0
,14.0,0.14,1.0,0.0,0.0
,35.0,0.04,1.0,0.0,0.0
,38.0,0.08,1.0,0.0,0.0
,36.0,0.1,1.0,0.0,0.0
,41.0,0.22,1.0,0.0,0.0
,37.0,0.06,1.0,0.0,0.0
,15.0,0.24,1.0,0.0,0.0
,41.0,0.2,1.0,0.0,0.0
,42.0,0.18,1.0,0.0,0.0
,15.0,0.18,1.0,0.0,0.0
,34.0,0.02,1.0,0.0,0.0
,16.0,0.2,1.0,0.0,0.0
,42.0,0.24,1.0,0.0,0.0
,33.0,0.0,1.0,0.0,0.0
,41.0,0.14,1.0,0.0,0.0
,12.0,0.1,1.0,0.0,0.0
,13.0,0.12,1.0,0.0,0.0
,14.0,0.16,1.0,0.0,0.0
,39.0,0.12,1.0,0.0,0.0
,15.0,0.14,1.0,0.0,0.0
,36.0,0.04,1.0,0.0,0.0
,39.0,0.08,1.0,0.0,0.0
,42.0,0.22,1.0,0.0,0.0
,16.0,0.22,1.0,0.0,0.0
,42.0,0.2,1.0,0.0,0.0
,38.0,0.06,1.0,0.0,0.0
,16.0,0.24,1.0,0.0,0.0
,43.0,0.24,1.0,0.0,0.0
,17.0,0.2,1.0,0.0,0.0
,43.0,0.18,1.0,0.0,0.0
,35.0,0.02,1.0,0.0,0.0
,34.0,0.0,1.0,0.0,0.0
,16.0,0.18,1.0,0.0,0.0
,42.0,0.14,1.0,0.0,0.0
,15.0,0.16,1.0,0.0,0.0
,40.0,0.12,1.0,0.0,0.0
,16.0,0.14,1.0,0.0,0.0
,37.0,0.04,1.0,0.0,0.0
,14.0,0.12,1.0,0.0,0.0
,13.0,0.1,1.0,0.0,0.0
,40.0,0.08,1.0,0.0,0.0
,43.0,0.22,1.0,0.0,0.0
,43.0,0.2,1.0,0.0,0.0
,40.0,0.16,1.0,0.0,0.0
,18.0,0.2,1.0,0.0,0.0
,37.0,0.1,1.0,0.0,0.0
,39.0,0.06,1.0,0.0,0.0
,17.0,0.24,1.0,0.0,0.0
,36.0,0.02,1.0,0.0,0.0
,44.0,0.18,1.0,0.0,0.0
,35.0,0.0,1.0,0.0,0.0
,16.0,0.16,1.0,0.0,0.0
,41.0,0.12,1.0,0.0,0.0
,43.0,0.14,1.0,0.0,0.0
,38.0,0.04,1.0,0.0,0.0
,41.0,0.08,1.0,0.0,0.0
,17.0,0.14,1.0,0.0,0.0
,17.0,0.18,1.0,0.0,0.0
,44.0,0.22,1.0,0.0,0.0
,15.0,0.12,1.0,0.0,0.0
,14.0,0.1,1.0,0.0,0.0
,44.0,0.2,1.0,0.0,0.0
,41.0,0.16,1.0,0.0,0.0
,44.0,0.24,1.0,0.0,0.0
,17.0,0.22,1.0,0.0,0.0
,40.0,0.06,1.0,0.0,0.0
,18.0,0.24,1.0,0.0,0.0
,37.0,0.02,1.0,0.0,0.0
,45.0,0.18,1.0,0.0,0.0
,17.0,0.16,1.0,0.0,0.0
,36.0,0.0,1.0,0.0,0.0
,42.0,0.12,1.0,0.0,0.0
,39.0,0.04,1.0,0.0,0.0
,42.0,0.08,1.0,0.0,0.0
,18.0,0.14,1.0,0.0,0.0
,44.0,0.14,1.0,0.0,0.0
,45.0,0.22,1.0,0.0,0.0
,45.0,0.2,1.0,0.0,0.0
,42.0,0.16,1.0,0.0,0.0
,16.0,0.12,1.0,0.0,0.0
,15.0,0.1,1.0,0.0,0.0
,19.0,0.2,1.0,0.0,0.0
,18.0,0.18,1.0,0.0,0.0
,38.0,0.1,1.0,0.0,0.0
,41.0,0.06,1.0,0.0,0.0
,19.0,0.24,1.0,0.0,0.0
,18.0,0.16,1.0,0.0,0.0
,38.0,0.02,1.0,0.0,0.0
,46.0,0.18,1.0,0.0,0.0
,40.0,0.04,1.0,0.0,0.0
,43.0,0.12,1.0,0.0,0.0
,43.0,0.08,1.0,0.0,0.0
,19.0,0.14,1.0,0.0,0.0
,37.0,0.0,1.0,0.0,0.0
,43.0,0.16,1.0,0.0,0.0
,45.0,0.14,1.0,0.0,0.0
,46.0,0.2,1.0,0.0,0.0
,46.0,0.22,1.0,0.0,0.0
,16.0,0.1,1.0,0.0,0.0
,17.0,0.12,1.0,0.0,0.0
,45.0,0.24,1.0,0.0,0.0
,19.0,0.18,1.0,0.0,0.0
,18.0,0.22,1.0,0.0,0.0
,42.0,0.06,1.0,0.0,0.0
,19.0,0.16,1.0,0.0,0.0
,20.0,0.24,1.0,0.0,0.0
,39.0,0.02,1.0,0.0,0.0
,41.0,0.04,1.0,0.0,0.0
,47.0,0.18,1.0,0.0,0.0
,44.0,0.08,1.0,0.0,0.0
,44.0,0.12,1.0,0.0,0.0
,20.0,0.14,1.0,0.0,0.0
,38.0,0.0,1.0,0.0,0.0
,44.0,0.16,1.0,0.0,0.0
,46.0,0.14,1.0,0.0,0.0
,20.0,0.2,1.0,0.0,0.0
,47.0,0.22,1.0,0.0,0.0
,47.0,0.2,1.0,0.0,0.0
,18.0,0.12,1.0,0.0,0.0
,17.0,0.1,1.0,0.0,0.0
,20.0,0.18,1.0,0.0,0.0
,19.0,0.22,1.0,0.0,0.0
,43.0,0.06,1.0,0.0,0.0
,20.0,0.16,1.0,0.0,0.0
,40.0,0.02,1.0,0.0,0.0
,42.0,0.04,1.0,0.0,0.0
,48.0,0.18,1.0,0.0,0.0
,45.0,0.08,1.0,0.0,0.0
,45.0,0.12,1.0,0.0,0.0
,21.0,0.24,1.0,0.0,0.0
,21.0,0.14,1.0,0.0,0.0
,39.0,0.0,1.0,0.0,0.0
,45.0,0.16,1.0,0.0,0.0
,47.0,0.14,1.0,0.0,0.0
,48.0,0.2,1.0,0.0,0.0
,19.0,0.12,1.0,0.0,0.0
,48.0,0.22,1.0,0.0,0.0
,18.0,0.1,1.0,0.0,0.0
,21.0,0.18,1.0,0.0,0.0
,39.0,0.1,1.0,0.0,0.0
,44.0,0.06,1.0,0.0,0.0
,21.0,0.16,1.0,0.0,0.0
,41.0,0.02,1.0,0.0,0.0
,43.0,0.04,1.0,0.0,0.0
,46.0,0.08,1.0,0.0,0.0
,46.0,0.12,1.0,0.0,0.0
,22.0,0.24,1.0,0.0,0.0
,22.0,0.14,1.0,0.0,0.0
,49.0,0.18,1.0,0.0,0.0
,40.0,0.0,1.0,0.0,0.0
,46.0,0.16,1.0,0.0,0.0
,48.0,0.14,1.0,0.0,0.0
,20.0,0.12,1.0,0.0,0.0
,49.0,0.2,1.0,0.0,0.0
,49.0,0.22,1.0,0.0,0.0
,19.0,0.1,1.0,0.0,0.0
,22.0,0.18,1.0,0.0,0.0
,20.0,0.22,1.0,0.0,0.0
,45.0,0.06,1.0,0.0,0.0
,22.0,0.16,1.0,0.0,0.0
,42.0,0.02,1.0,0.0,0.0
,44.0,0.04,1.0,0.0,0.0
,47.0,0.08,1.0,0.0,0.0
,50.0,0.18,1.0,0.0,0.0
,23.0,0.24,1.0,0.0,0.0
,41.0,0.0,1.0,0.0,0.0
,23.0,0.14,1.0,0.0,0.0
,46.0,0.24,1.0,0.0,0.0
,47.0,0.16,1.0,0.0,0.0
,49.0,0.14,1.0,0.0,0.0
,47.0,0.12,1.0,0.0,0.0
,21.0,0.2,1.0,0.0,0.0
,21.0,0.12,1.0,0.0,0.0
,50.0,0.2,1.0,0.0,0.0
,50.0,0.22,1.0,0.0,0.0
,20.0,0.1,1.0,0.0,0.0
,23.0,0.18,1.0,0.0,0.0
,40.0,0.1,1.0,0.0,0.0
,46.0,0.06,1.0,0.0,0.0
,23.0,0.16,1.0,0.0,0.0
,43.0,0.02,1.0,0.0,0.0
,45.0,0.04,1.0,0.0,0.0
,42.0,0.0,1.0,0.0,0.0
,24.0,0.14,1.0,0.0,0.0
,48.0,0.08,1.0,0.0,0.0
,24.0,0.24,1.0,0.0,0.0
,48.0,0.16,1.0,0.0,0.0
,50.0,0.14,1.0,0.0,0.0
,47.0,0.24,1.0,0.0,0.0
,48.0,0.12,1.0,0.0,0.0
,22.0,0.12,1.0,0.0,0.0
,24.0,0.18,1.0,0.0,0.0
,21.0,0.1,1.0,0.0,0.0
,21.0,0.22,1.0,0.0,0.0
,47.0,0.06,1.0,0.0,0.0
,24.0,0.16,1.0,0.0,0.0
,44.0,0.02,1.0,0.0,0.0
,46.0,0.04,1.0,0.0,0.0
,25.0,0.14,1.0,0.0,0.0
,49.0,0.08,1.0,0.0,0.0
,43.0,0.0,1.0,0.0,0.0
,49.0,0.16,1.0,0.0,0.0
,48.0,0.24,1.0,0.0,0.0
,49.0,0.12,1.0,0.0,0.0
,25.0,0.24,1.0,0.0,0.0
,23.0,0.12,1.0,0.0,0.0
,25.0,0.18,1.0,0.0,0.0
,48.0,0.06,1.0,0.0,0.0
,41.0,0.1,1.0,0.0,0.0
,22.0,0.1,1.0,0.0,0.0
,25.0,0.16,1.0,0.0,0.0
,45.0,0.02,1.0,0.0,0.0
,47.0,0.04,1.0,0.0,0.0
,22.0,0.2,1.0,0.0,0.0
,26.0,0.14,1.0,0.0,0.0
,50.0,0.08,1.0,0.0,0.0
,44.0,0.0,1.0,0.0,0.0
,50.0,0.16,1.0,0.0,0.0
,50.0,0.12,1.0,0.0,0.0
,26.0,0.24,1.0,0.0,0.0
,24.0,0.12,1.0,0.0,0.0
,49.0,0.24,1.0,0.0,0.0
,26.0,0.18,1.0,0.0,0.0
,42.0,0.1,1.0,0.0,0.0
,49.0,0.06,1.0,0.0,0.0
,23.0,0.1,1.0,0.0,0.0
,26.0,0.16,1.0,0.0,0.0
,46.0,0.02,1.0,0.0,0.0
,48.0,0.04,1.0,0.0,0.0
,23.0,0.2,1.0,0.0,0.0
,27.0,0.14,1.0,0.0,0.0
,22.0,0.22,1.0,0.0,0.0
,27.0,0.24,1.0,0.0,0.0
,25.0,0.12,1.0,0.0,0.0
,50.0,0.24,1.0,0.0,0.0
,27.0,0.18,1.0,0.0,0.0
,50.0,0.06,1.0,0.0,0.0
,24.0,0.1,1.0,0.0,0.0
,43.0,0.1,1.0,0.0,0.0
,27.0,0.16,1.0,0.0,0.0
,47.0,0.02,1.0,0.0,0.0
,49.0,0.04,1.0,0.0,0.0
,24.0,0.2,1.0,0.0,0.0
,45.0,0.0,1.0,0.0,0.0
,28.0,0.14,1.0,0.0,0.0
,28.0,0.24,1.0,0.0,0.0
,26.0,0.12,1.0,0.0,0.0
,28.0,0.18,1.0,0.0,0.0
,25.0,0.1,1.0,0.0,0.0
,28.0,0.16,1.0,0.0,0.0
,44.0,0.1,1.0,0.0,0.0
,48.0,0.02,1.0,0.0,0.0
,50.0,0.04,1.0,0.0,0.0
,25.0,0.2,1.0,0.0,0.0
,23.0,0.22,1.0,0.0,0.0
,29.0,0.14,1.0,0.0,0.0
,29.0,0.24,1.0,0.0,0.0
,27.0,0.12,1.0,0.0,0.0
,29.0,0.18,1.0,0.0,0.0
,26.0,0.1,1.0,0.0,0.0
,29.0,0.16,1.0,0.0,0.0
,45.0,0.1,1.0,0.0,0.0
,49.0,0.02,1.0,0.0,0.0
,26.0,0.2,1.0,0.0,0.0
,46.0,0.0,1.0,0.0,0.0
,30.0,0.14,1.0,0.0,0.0
,28.0,0.12,1.0,0.0,0.0
,30.0,0.24,1.0,0.0,0.0
,30.0,0.18,1.0,0.0,0.0
,30.0,0.16,1.0,0.0,0.0
,27.0,0.1,1.0,0.0,0.0
,46.0,0.1,1.0,0.0,0.0
,50.0,0.02,1.0,0.0,0.0
,27.0,0.2,1.0,0.0,0.0
,24.0,0.22,1.0,0.0,0.0
,31.0,0.14,1.0,0.0,0.0
,29.0,0.12,1.0,0.0,0.0
,31.0,0.24,1.0,0.0,0.0
,31.0,0.18,1.0,0.0,0.0
,31.0,0.16,1.0,0.0,0.0
,47.0,0.1,1.0,0.0,0.0
,28.0,0.1,1.0,0.0,0.0
,28.0,0.2,1.0,0.0,0.0
,25.0,0.22,1.0,0.0,0.0
,32.0,0.14,1.0,0.0,0.0
,30.0,0.12,1.0,0.0,0.0
,32.0,0.24,1.0,0.0,0.0
,32.0,0.18,1.0,0.0,0.0
,32.0,0.16,1.0,0.0,0.0
,48.0,0.1,1.0,0.0,0.0
,29.0,0.1,1.0,0.0,0.0
,29.0,0.2,1.0,0.0,0.0
,47.0,0.0,1.0,0.0,0.0
,26.0,0.22,1.0,0.0,0.0
,31.0,0.12,1.0,0.0,0.0
,33.0,0.24,1.0,0.0,0.0
,33.0,0.18,1.0,0.0,0.0
,33.0,0.16,1.0,0.0,0.0
,49.0,0.1,1.0,0.0,0.0
,30.0,0.2,1.0,0.0,0.0
,30.0,0.1,1.0,0.0,0.0
,27.0,0.22,1.0,0.0,0.0
,34.0,0.24,1.0,0.0,0.0
,28.0,0.22,1.0,0.0,0.0
,34.0,0.18,1.0,0.0,0.0
,50.0,0.1,1.0,0.0,0.0
,29.0,0.22,1.0,0.0,0.0
,31.0,0.2,1.0,0.0,0.0
,48.0,0.0,1.0,0.0,0.0
,35.0,0.24,1.0,0.0,0.0
,30.0,0.22,1.0,0.0,0.0
,32.0,0.2,1.0,0.0,0.0
,49.0,0.0,1.0,0.0,0.0
,36.0,0.24,1.0,0.0,0.0
,31.0,0.22,1.0,0.0,0.0
,32.0,0.22,1.0,0.0,0.0
,33.0,0.2,1.0,0.0,0.0
,50.0,0.0,1.0,0.0,0.0
,37.0,0.24,1.0,0.0,0.0
,33.0,0.22,1.0,0.0,0.0
,34.0,0.2,1.0,0.0,0.0
,34.0,0.22,1.0,0.0,0.0
,35.0,0.2,1.0,0.0,0.0
,13.0,0.26,1.0,0.0,0.0
,39.0,0.26,1.0,0.0,0.0
,40.0,0.28,1.0,0.0,0.0
,35.0,0.22,1.0,0.0,0.0
,14.0,0.28,1.0,0.0,0.0
,14.0,0.26,1.0,0.0,0.0
,15.0,0.28,1.0,0.0,0.0
,36.0,0.22,1.0,0.0,0.0
,41.0,0.28,1.0,0.0,0.0
,40.0,0.26,1.0,0.0,0.0
,41.0,0.3,1.0,0.0,0.11000000000000001
,15.0,0.26,1.0,0.0,0.0
,15.0,0.3,1.0,0.0,0.0
,16.0,0.28,1.0,0.0,0.0
,16.0,0.32,1.0,0.0,0.0
,42.0,0.3,1.0,0.0,0.14
,42.0,0.28,1.0,0.0,0.0
,16.0,0.3,1.0,0.0,0.0
,41.0,0.26,1.0,0.0,0.0
,17.0,0.28,1.0,0.0,0.0
,17.0,0.32,1.0,0.0,0.0
,17.0,0.3,1.0,0.0,0.0
,18.0,0.28,1.0,0.0,0.0
,16.0,0.26,1.0,0.0,0.0
,42.0,0.26,1.0,0.0,0.0
,43.0,0.28,1.0,0.0,0.0
,18.0,0.32,1.0,0.0,0.0
,18.0,0.3,1.0,0.0,0.0
,19.0,0.28,1.0,0.0,0.0
,17.0,0.26,1.0,0.0,0.0
,43.0,0.26,1.0,0.0,0.0
,44.0,0.28,1.0,0.0,0.09
,19.0,0.32,1.0,0.0,0.0
,19.0,0.3,1.0,0.0,0.0
,20.0,0.28,1.0,0.0,0.0
,18.0,0.26,1.0,0.0,0.0
,44.0,0.26,1.0,0.0,0.0
,20.0,0.3,1.0,0.0,0.0
,21.0,0.28,1.0,0.0,0.0
,19.0,0.26,1.0,0.0,0.0
,45.0,0.26,1.0,0.0,0.0
,21.0,0.3,1.0,0.0,0.0
,22.0,0.28,1.0,0.0,0.0
,20.0,0.26,1.0,0.0,0.0
,45.0,0.28,1.0,0.0,0.09
,46.0,0.26,1.0,0.0,0.0
,22.0,0.3,1.0,0.0,0.0
,23.0,0.28,1.0,0.0,0.0
,21.0,0.26,1.0,0.0,0.0
,20.0,0.32,1.0,0.0,0.0
,47.0,0.26,1.0,0.0,0.0
,24.0,0.28,1.0,0.0,0.0
,23.0,0.3,1.0,0.0,0.0
,22.0,0.26,1.0,0.0,0.0
,46.0,0.28,1.0,0.0,0.1
,48.0,0.26,1.0,0.0,0.05
,24.0,0.3,1.0,0.0,0.0
,25.0,0.28,1.0,0.0,0.0
,23.0,0.26,1.0,0.0,0.0
,47.0,0.28,1.0,0.0,0.12
,25.0,0.3,1.0,0.0,0.0
,26.0,0.28,1.0,0.0,0.0
,24.0,0.26,1.0,0.0,0.0
,21.0,0.32,1.0,0.0,0.0
,48.0,0.28,1.0,0.0,0.12000000000000002
,27.0,0.28,1.0,0.0,0.0
,26.0,0.3,1.0,0.0,0.0
,25.0,0.26,1.0,0.0,0.0
,22.0,0.32,1.0,0.0,0.0
,49.0,0.28,1.0,0.0,0.06
,28.0,0.28,1.0,0.0,0.0
,27.0,0.3,1.0,0.0,0.0
,26.0,0.26,1.0,0.0,0.0
,29.0,0.28,1.0,0.0,0.0
,28.0,0.3,1.0,0.0,0.0
,27.0,0.26,1.0,0.0,0.0
,30.0,0.28,1.0,0.0,0.0
,29.0,0.3,1.0,0.0,0.0
,28.0,0.26,1.0,0.0,0.0
,23.0,0.32,1.0,0.0,0.0
,31.0,0.28,1.0,0.0,0.0
,30.0,0.3,1.0,0.0,0.0
,29.0,0.26,1.0,0.0,0.0
,24.0,0.32,1.0,0.0,0.0
,32.0,0.28,1.0,0.0,0.0
,31.0,0.3,1.0,0.0,0.0
,30.0,0.26,1.0,0.0,0.0
,33.0,0.28,1.0,0.0,0.0
,32.0,0.3,1.0,0.0,0.0
,31.0,0.26,1.0,0.0,0.0
,34.0,0.28,1.0,0.0,0.0
,33.0,0.3,1.0,0.0,0.0
,32.0,0.26,1.0,0.0,0.0
,25.0,0.32,1.0,0.0,0.0
,35.0,0.28,1.0,0.0,0.0
,33.0,0.26,1.0,0.0,0.0
,34.0,0.3,1.0,0.0,0.0
,26.0,0.32,1.0,0.0,0.0
,36.0,0.28,1.0,0.0,0.0
,34.0,0.26,1.0,0.0,0.0
,27.0,0.32,1.0,0.0,0.0
,35.0,0.3,1.0,0.0,0.0
,37.0,0.28,1.0,0.0,0.0
,35.0,0.26,1.0,0.0,0.0
,28.0,0.32,1.0,0.0,0.0
,36.0,0.3,1.0,0.0,0.0
,36.0,0.26,1.0,0.0,0.0
,38.0,0.28,1.0,0.0,0.0
,29.0,0.32,1.0,0.0,0.0
,37.0,0.3,1.0,0.0,0.0
,37.0,0.26,1.0,0.0,0.0
,39.0,0.28,1.0,0.0,0.0
,30.0,0.32,1.0,0.0,0.0
,38.0,0.3,1.0,0.0,0.0
,38.0,0.26,1.0,0.0,0.0
,31.0,0.32,1.0,0.0,0.0
,39.0,0.3,1.0,0.0,0.0
,32.0,0.32,1.0,0.0,0.0
,40.0,0.3,1.0,0.0,0.0
,33.0,0.32,1.0,0.0,0.0
,17.0,0.34,1.0,0.0,0.0
,18.0,0.36,1.0,0.0,0.0
,18.0,0.34,1.0,0.0,0.0
,19.0,0.36,1.0,0.0,0.0
,34.0,0.32,1.0,0.0,0.0
,20.0,0.36,1.0,0.0,0.0
,19.0,0.34,1.0,0.0,0.0
,43.0,0.34,1.0,0.0,0.07999999999999999
,21.0,0.36,1.0,0.0,0.0
,35.0,0.32,0.9800000000000001,0.0,0.03
,20.0,0.34,1.0,0.0,0.0
,22.0,0.36,1.0,0.0,0.0
,36.0,0.32,1.0,0.0,0.0
,21.0,0.34,1.0,0.0,0.0
,23.0,0.36,1.0,0.0,0.0
,37.0,0.32,1.0,0.0,0.0
,22.0,0.34,1.0,0.0,0.0
,24.0,0.36,1.0,0.0,0.0
,38.0,0.32,1.0,0.0,0.0
,23.0,0.34,1.0,0.0,0.0
,25.0,0.36,1.0,0.0,0.0
,24.0,0.34,1.0,0.0,0.0
,39.0,0.32,1.0,0.0,0.08
,26.0,0.36,1.0,0.0,0.0
,25.0,0.34,1.0,0.0,0.0
,27.0,0.36,1.0,0.0,0.0
,40.0,0.32,1.0,0.0,0.1
,26.0,0.34,1.0,0.0,0.0
,28.0,0.36,1.0,0.0,0.0
,41.0,0.32,1.0,0.0,0.09
,27.0,0.34,1.0,0.0,0.0
,29.0,0.36,1.0,0.0,0.0
,28.0,0.34,1.0,0.0,0.0
,30.0,0.36,1.0,0.0,0.0
,29.0,0.34,1.0,0.0,0.0
,31.0,0.36,1.0,0.0,0.0
,30.0,0.34,1.0,0.0,0.0
,32.0,0.36,1.0,0.0,0.0
,44.0,0.36,1.0,0.0,0.09
,31.0,0.34,1.0,0.0,0.0
,33.0,0.36,1.0,0.0,0.0
,45.0,0.36,0.95,0.02,0.17
,34.0,0.36,1.0,0.0,0.11000000000000001
,32.0,0.34,1.0,0.0,0.0
,46.0,0.36,1.0,0.0,0.09
,33.0,0.34,1.0,0.0,0.0
,34.0,0.34,1.0,0.0,0.0
,47.0,0.36,1.0,0.0,0.13
,35.0,0.34,1.0,0.0,0.0
,48.0,0.36,1.0,0.0,0.13
,36.0,0.34,1.0,0.0,0.06999999999999999
,49.0,0.26,0.97,0.03,0.14000000000000004
,50.0,0.26,1.0,0.0,0.1
,43.0,0.3,0.95,0.03,0.15000000000000002
,44.0,0.3,1.0,0.0,0.09999999999999999
,45.0,0.3,1.0,0.0,0.06
,46.0,0.3,1.0,0.0,0.12
,47.0,0.3,1.0,0.0,0.06000000000000001
,48.0,0.3,1.0,0.0,0.07999999999999999
,49.0,0.3,1.0,0.0,0.10999999999999999
,50.0,0.3,1.0,0.0,0.12999999999999998
,42.0,0.32,0.9400000000000001,0.04,0.12
,43.0,0.32,1.0,0.0,0.11000000000000001
,50.0,0.28,0.9800000000000001,0.03,0.14000000000000004
,44.0,0.34,0.97,0.05,0.09
,45.0,0.34,1.0,0.0,0.07999999999999999
,49.0,0.36,1.0,0.03,0.10999999999999999
,35.0,0.36,0.9100000000000001,0.030000000000000006,0.12
,37.0,0.34,0.96,0.03,0.13000000000000003
,44.0,0.32,1.0,0.04,0.11000000000000001
,45.0,0.32,1.0,0.0,0.14
,46.0,0.32,1.0,0.0,0.09
,47.0,0.32,1.0,0.0,0.13
,36.0,0.36,0.93,0.03,0.1
,37.0,0.36,1.0,0.0,0.11000000000000001
,38.0,0.36,1.0,0.0,0.06
,39.0,0.36,1.0,0.0,0.10999999999999999
,50.0,0.36,0.95,0.02,0.13
,38.0,0.34,0.9400000000000001,0.01,0.16999999999999998
,40.0,0.36,0.97,0.04,0.14
,46.0,0.34,0.8600000000000001,0.05,0.12
,41.0,0.36,1.0,0.0,0.1
,42.0,0.36,1.0,0.0,0.09
,43.0,0.36,1.0,0.0,0.13000000000000003
,19.0,0.38,1.0,0.0,0.0
,20.0,0.38,1.0,0.0,0.0
,21.0,0.38,1.0,0.0,0.0
,22.0,0.38,1.0,0.0,0.0
,39.0,0.34,0.97,0.04,0.16
,23.0,0.38,1.0,0.0,0.0
,40.0,0.34,1.0,0.0,0.07
,24.0,0.38,1.0,0.0,0.0
,41.0,0.34,1.0,0.0,0.12
,25.0,0.38,1.0,0.0,0.0
,26.0,0.38,1.0,0.0,0.0
,42.0,0.34,1.0,0.0,0.08
,27.0,0.38,1.0,0.0,0.0
,28.0,0.38,1.0,0.0,0.0
,29.0,0.38,1.0,0.0,0.0
,30.0,0.38,1.0,0.0,0.0
,31.0,0.38,1.0,0.0,0.0
,32.0,0.38,1.0,0.0,0.0
,0.0,0.06,0.36,0.59,0.0
,47.0,0.34,0.9800000000000001,0.03,0.14
,48.0,0.32,0.8699999999999999,0.04,0.10999999999999999
,49.0,0.32,1.0,0.0,0.08
,48.0,0.34,1.0,0.0,0.12
,50.0,0.32,1.0,0.0,0.13
,0.0,0.02,0.29,0.48999999999999994,0.0
,33.0,0.38,0.99,0.0,0.13999999999999999
,20.0,0.4,1.0,0.0,0.0
,21.0,0.4,1.0,0.0,0.0
,22.0,0.4,1.0,0.0,0.0
,23.0,0.4,1.0,0.0,0.0
,24.0,0.4,1.0,0.0,0.0
,25.0,0.4,1.0,0.0,0.0
,26.0,0.4,1.0,0.0,0.0
,27.0,0.4,1.0,0.0,0.0
,28.0,0.4,1.0,0.0,0.0
,29.0,0.4,1.0,0.0,0.0
,30.0,0.4,1.0,0.0,0.0
,31.0,0.4,1.0,0.0,0.07999999999999999
,45.0,0.38,0.93,0.03,0.16999999999999998
,0.0,0.12,0.37,0.5200000000000001,0.0
,0.0,0.04,0.41,0.49000000000000005,0.0
,0.0,0.3,0.35,0.51,0.0
,34.0,0.38,0.96,0.02,0.09
,32.0,0.4,0.9400000000000001,0.0,0.09999999999999999
,33.0,0.4,1.0,0.0,0.1
,34.0,0.4,1.0,0.0,0.12000000000000002
,35.0,0.4,1.0,0.0,0.15000000000000002
,36.0,0.4,1.0,0.0,0.09000000000000001
,37.0,0.4,1.0,0.0,0.09
,38.0,0.4,1.0,0.0,0.06999999999999999
,39.0,0.4,0.96,0.02,0.15000000000000002
,40.0,0.4,1.0,0.0,0.12
,41.0,0.4,1.0,0.0,0.07999999999999999
,42.0,0.4,1.0,0.0,0.12000000000000002
,43.0,0.4,1.0,0.0,0.12
,0.0,0.16,0.45,0.5,0.0
,0.0,0.26,0.41,0.48,0.0
,0.0,0.14,0.36,0.48,0.0
,0.0,0.24,0.47000000000000003,0.4,0.0
,0.0,0.22,0.42000000000000004,0.52,0.0
,49.0,0.34,1.0,0.05,0.13999999999999999
,50.0,0.34,1.0,0.0,0.06999999999999999
,35.0,0.38,0.97,0.0,0.07999999999999999
,44.0,0.4,0.9800000000000001,0.0,0.15
,46.0,0.38,0.8800000000000001,0.02,0.13999999999999999
,47.0,0.38,1.0,0.0,0.06
,0.0,0.18,0.45999999999999996,0.5199999999999999,0.0
,0.0,0.1,0.5700000000000001,0.33,0.0
,0.0,0.32,0.47000000000000003,0.45,0.0
,0.0,0.28,0.41,0.53,0.0
,48.0,0.38,0.9400000000000001,0.03,0.13999999999999999
,49.0,0.38,1.0,0.0,0.09999999999999999
,50.0,0.38,1.0,0.0,0.12000000000000002
,45.0,0.4,0.9400000000000001,0.04,0.13
,46.0,0.4,1.0,0.0,0.15
,47.0,0.4,1.0,0.0,0.12000000000000002
,48.0,0.4,1.0,0.0,0.05
,0.0,0.2,0.6,0.47000000000000003,0.0
,0.0,0.0,0.67,0.29,0.0
,1.0,0.02,0.6000000000000001,0.31,0.0
,0.0,0.08,0.6900000000000002,0.28,0.0
,36.0,0.38,0.9400000000000001,0.06,0.11000000000000003
,37.0,0.38,1.0,0.0,0.07999999999999999
,38.0,0.38,1.0,0.0,0.06
,49.0,0.4,0.9400000000000001,0.01,0.06999999999999999
,2.0,0.04,0.62,0.32999999999999996,0.0
,0.0,0.38,0.6100000000000001,0.31000000000000005,0.0
,39.0,0.38,0.96,0.02,0.11000000000000001
,40.0,0.38,1.0,0.0,0.06999999999999999
,41.0,0.38,1.0,0.0,0.07999999999999999
,42.0,0.38,1.0,0.0,0.08
,43.0,0.38,1.0,0.0,0.12
,44.0,0.38,1.0,0.0,0.09000000000000001
,21.0,0.42,1.0,0.0,0.0
,22.0,0.42,1.0,0.0,0.0
,23.0,0.42,1.0,0.0,0.0
,24.0,0.42,1.0,0.0,0.0
,25.0,0.42,1.0,0.0,0.0
,26.0,0.42,1.0,0.0,0.0
,27.0,0.42,1.0,0.0,0.0
,28.0,0.42,1.0,0.0,0.0
,29.0,0.42,1.0,0.0,0.0
,50.0,0.4,0.93,0.02,0.13
,4.0,0.08,0.8100000000000002,0.25,0.0
,5.0,0.08,1.0,0.0,0.0
,6.0,0.08,1.0,0.0,0.0
,7.0,0.08,1.0,0.0,0.0
,8.0,0.08,1.0,0.0,0.0
,9.0,0.08,1.0,0.0,0.0
,10.0,0.08,1.0,0.0,0.0
,11.0,0.08,1.0,0.0,0.0
,12.0,0.08,1.0,0.0,0.0
,13.0,0.08,1.0,0.0,0.0
,14.0,0.08,1.0,0.0,0.0
,15.0,0.08,1.0,0.0,0.0
,16.0,0.08,1.0,0.0,0.0
,17.0,0.08,1.0,0.0,0.0
,18.0,0.08,1.0,0.0,0.0
,19.0,0.08,1.0,0.0,0.0
,20.0,0.08,1.0,0.0,0.0
,21.0,0.08,1.0,0.0,0.0
,22.0,0.08,1.0,0.0,0.0
,23.0,0.08,1.0,0.0,0.0
,24.0,0.08,1.0,0.0,0.0
,25.0,0.08,1.0,0.0,0.0
,26.0,0.08,1.0,0.0,0.0
,27.0,0.08,1.0,0.0,0.0
,28.0,0.08,1.0,0.0,0.0
,29.0,0.08,1.0,0.0,0.0
,3.0,0.06,0.78,0.22999999999999998,0.0
,47.0,0.42,1.0,0.0,0.13
,48.0,0.42,1.0,0.0,0.1
,49.0,0.42,1.0,0.0,0.07999999999999999
,50.0,0.42,1.0,0.0,0.08
,1.0,0.04,0.4,0.4499999999999999,0.0
,22.0,0.44,1.0,0.0,0.0
,23.0,0.44,1.0,0.0,0.0
,24.0,0.44,1.0,0.0,0.0
,25.0,0.44,1.0,0.0,0.0
,26.0,0.44,1.0,0.0,0.0
,27.0,0.44,1.0,0.0,0.0
,28.0,0.44,1.0,0.0,0.08
,1.0,0.24,0.27999999999999997,0.58,0.0
,0.0,0.34,0.47000000000000003,0.4600000000000001,0.0
,30.0,0.42,0.9400000000000001,0.03,0.10999999999999999
,31.0,0.42,0.95,0.01,0.12000000000000002
,32.0,0.42,1.0,0.0,0.06999999999999999
,1.0,0.06,0.66,0.32,0.0
,1.0,0.12,0.4800000000000001,0.47000000000000003,0.0
,1.0,0.26,0.51,0.42000000000000004,0.0
,29.0,0.44,0.95,0.06000000000000001,0.12
,30.0,0.44,1.0,0.0,0.12
,0.0,0.36,0.4,0.45999999999999996,0.0
,0.0,0.42,0.25,0.55,0.0
,1.0,0.2,0.41,0.58,0.0
,1.0,0.1,0.41,0.5199999999999999,0.0
,1.0,0.22,0.5399999999999999,0.45,0.0
,2.0,0.02,0.34,0.5799999999999998,0.0
,31.0,0.44,0.93,0.01,0.1
,32.0,0.44,1.0,0.0,0.09000000000000001
,33.0,0.44,1.0,0.0,0.08
,1.0,0.3,0.7000000000000001,0.24,0.0
,33.0,0.42,0.89,0.02,0.12
,1.0,0.14,0.5900000000000001,0.35000000000000003,0.0
,1.0,0.16,0.6700000000000002,0.29000000000000004,0.0
,1.0,0.0,0.44000000000000006,0.4600000000000001,0.0
,34.0,0.44,0.95,0.04,0.06999999999999999
,35.0,0.44,1.0,0.0,0.09999999999999999
,36.0,0.44,1.0,0.0,0.14
,37.0,0.44,1.0,0.0,0.12
,38.0,0.44,1.0,0.0,0.09000000000000001
,39.0,0.44,1.0,0.0,0.06999999999999999
,34.0,0.42,1.0,0.05,0.09
,35.0,0.42,1.0,0.0,0.12
,0.0,0.44,0.32999999999999996,0.5000000000000001,0.0
,0.0,0.4,0.5800000000000001,0.43000000000000005,0.0
,1.0,0.18,0.6,0.36000000000000004,0.0
,3.0,0.04,0.43,0.43,0.0
,1.0,0.32,0.6500000000000001,0.39,0.0
,2.0,0.24,0.45999999999999996,0.52,0.0
,40.0,0.44,0.9400000000000001,0.03,0.15
,41.0,0.44,1.0,0.0,0.1
,42.0,0.44,1.0,0.0,0.08
,43.0,0.44,1.0,0.0,0.09000000000000001
,44.0,0.44,1.0,0.0,0.08
,1.0,0.34,0.42000000000000004,0.47000000000000003,0.0
,36.0,0.42,0.9,0.05,0.16999999999999998
,1.0,0.28,0.73,0.27999999999999997,0.0
,37.0,0.42,1.0,0.0,0.12000000000000002
,38.0,0.42,1.0,0.0,0.13
,1.0,0.08,0.7100000000000001,0.23000000000000004,0.0
,45.0,0.44,0.89,0.06000000000000001,0.16000000000000003
,46.0,0.44,0.9400000000000001,0.02,0.16
,47.0,0.44,0.95,0.02,0.12999999999999998
,39.0,0.42,0.96,0.0,0.07999999999999999
,1.0,0.36,0.39,0.54,0.0
,1.0,0.38,0.6799999999999999,0.29,0.0
,40.0,0.42,0.95,0.02,0.06999999999999999
,41.0,0.42,1.0,0.0,0.06999999999999999
,42.0,0.42,1.0,0.0,0.05
,1.0,0.4,0.29,0.59,0.0
,48.0,0.44,0.8800000000000001,0.02,0.16
,49.0,0.44,1.0,0.0,0.14
,50.0,0.44,1.0,0.0,0.14
,2.0,0.06,0.4999999999999999,0.35,0.0
,23.0,0.46,1.0,0.0,0.0
,24.0,0.46,1.0,0.0,0.0
,25.0,0.46,1.0,0.0,0.0
,26.0,0.46,1.0,0.0,0.0
,43.0,0.42,0.96,0.02,0.18000000000000002
,44.0,0.42,1.0,0.0,0.11000000000000001
,2.0,0.18,0.45,0.43000000000000005,0.0
,27.0,0.46,0.97,0.0,0.09000000000000001
,2.0,0.1,0.5599999999999999,0.36,0.0
,2.0,0.22,0.55,0.33999999999999997,0.0
,45.0,0.42,0.9400000000000001,0.03,0.16
,46.0,0.42,1.0,0.0,0.12
,49.0,0.46,1.0,0.0,0.11000000000000001
,4.0,0.06,0.7999999999999999,0.26,0.0
,5.0,0.06,1.0,0.0,0.0
,6.0,0.06,1.0,0.0,0.0
,7.0,0.06,1.0,0.0,0.0
,8.0,0.06,1.0,0.0,0.0
,9.0,0.06,1.0,0.0,0.0
,10.0,0.06,1.0,0.0,0.0
,11.0,0.06,1.0,0.0,0.0
,12.0,0.06,1.0,0.0,0.0
,13.0,0.06,1.0,0.0,0.0
,14.0,0.06,1.0,0.0,0.0
,15.0,0.06,1.0,0.0,0.0
,16.0,0.06,1.0,0.0,0.0
,17.0,0.06,1.0,0.0,0.0
,18.0,0.06,1.0,0.0,0.0
,19.0,0.06,1.0,0.0,0.0
,20.0,0.06,1.0,0.0,0.0
,21.0,0.06,1.0,0.0,0.0
,22.0,0.06,1.0,0.0,0.0
,23.0,0.06,1.0,0.0,0.0
,24.0,0.06,1.0,0.0,0.0
,25.0,0.06,1.0,0.0,0.0
,26.0,0.06,1.0,0.0,0.0
,27.0,0.06,1.0,0.0,0.0
,28.0,0.06,1.0,0.0,0.0
,28.0,0.46,0.97,0.03,0.15
,29.0,0.46,1.0,0.0,0.06999999999999999
,1.0,0.42,0.69,0.35,0.0
,24.0,0.48,1.0,0.0,0.0
,25.0,0.48,1.0,0.0,0.0
,3.0,0.02,0.62,0.24000000000000005,0.0
,50.0,0.46,0.95,0.03,0.08
,2.0,0.34,0.53,0.39,0.0
,2.0,0.26,0.8000000000000002,0.33999999999999997,0.0
,30.0,0.46,0.96,0.05,0.12
,2.0,0.12,0.8100000000000002,0.22000000000000003,0.0
,2.0,0.16,0.5900000000000001,0.43,0.0
,2.0,0.2,0.72,0.33999999999999997,0.0
,2.0,0.0,0.62,0.28,0.0
,2.0,0.14,0.76,0.28,0.0
,2.0,0.3,0.74,0.30000000000000004,0.0
,26.0,0.48,0.8800000000000001,0.01,0.14
,31.0,0.46,0.9400000000000001,0.02,0.18
,2.0,0.4,0.43,0.43999999999999995,0.0
,2.0,0.08,0.5599999999999999,0.42000000000000004,0.0
,2.0,0.32,0.7000000000000001,0.24000000000000005,0.0
,32.0,0.46,0.89,0.04,0.15
,1.0,0.44,0.64,0.34,0.0
,3.0,0.24,0.7,0.38999999999999996,0.0
,4.0,0.04,0.7500000000000001,0.30000000000000004,0.0
,5.0,0.04,1.0,0.0,0.0
,6.0,0.04,1.0,0.0,0.0
,7.0,0.04,1.0,0.0,0.0
,8.0,0.04,1.0,0.0,0.0
,9.0,0.04,1.0,0.0,0.0
,10.0,0.04,1.0,0.0,0.0
,11.0,0.04,1.0,0.0,0.0
,12.0,0.04,1.0,0.0,0.0
,13.0,0.04,1.0,0.0,0.0
,14.0,0.04,1.0,0.0,0.0
,15.0,0.04,1.0,0.0,0.0
,16.0,0.04,1.0,0.0,0.0
,17.0,0.04,1.0,0.0,0.0
,18.0,0.04,1.0,0.0,0.0
,19.0,0.04,1.0,0.0,0.0
,2.0,0.42,0.36,0.63,0.0
,20.0,0.04,1.0,0.0,0.0
,21.0,0.04,1.0,0.0,0.0
,22.0,0.04,1.0,0.0,0.0
,23.0,0.04,1.0,0.0,0.0
,24.0,0.04,1.0,0.0,0.0
,25.0,0.04,1.0,0.0,0.0
,26.0,0.04,1.0,0.0,0.0
,27.0,0.04,1.0,0.0,0.0
,50.0,0.48,1.0,0.0,0.12
,2.0,0.28,0.5900000000000001,0.38,0.0
,27.0,0.48,0.85,0.04,0.15
,28.0,0.48,1.0,0.0,0.11000000000000001
,29.0,0.48,1.0,0.0,0.10999999999999999
,33.0,0.46,0.9800000000000001,0.0,0.16
,34.0,0.46,0.95,0.03,0.13
,35.0,0.46,1.0,0.0,0.10999999999999999
,2.0,0.36,0.56,0.36000000000000004,0.0
,2.0,0.38,0.63,0.37,0.0
,36.0,0.46,0.9400000000000001,0.01,0.11000000000000001
,0.0,0.46,0.6500000000000001,0.35,0.0
,30.0,0.48,0.93,0.1,0.11000000000000001
,0.0,0.48,0.53,0.34,0.0
,3.0,0.26,0.47000000000000003,0.35,0.0
,3.0,0.22,0.7000000000000001,0.28,0.0
,3.0,0.18,0.7200000000000001,0.38,0.0
,37.0,0.46,0.9400000000000001,0.030000000000000006,0.1
,38.0,0.46,1.0,0.0,0.09
,39.0,0.46,1.0,0.0,0.06999999999999999
,31.0,0.48,1.0,0.02,0.12000000000000002
,32.0,0.48,1.0,0.0,0.07999999999999999
,33.0,0.48,0.9400000000000001,0.03,0.11000000000000001
,34.0,0.48,1.0,0.0,0.14
,35.0,0.48,1.0,0.0,0.15000000000000002
,36.0,0.48,1.0,0.0,0.12
,37.0,0.48,1.0,0.0,0.09000000000000001
,3.0,0.34,0.66,0.28,0.0
,3.0,0.1,0.7500000000000001,0.24000000000000005,0.0
,40.0,0.46,0.96,0.03,0.12000000000000002
,41.0,0.46,1.0,0.0,0.13999999999999999
,3.0,0.0,0.5,0.43999999999999995,0.0
,42.0,0.46,0.95,0.01,0.18000000000000002
,43.0,0.46,1.0,0.0,0.08
,44.0,0.46,1.0,0.0,0.07999999999999999
,45.0,0.46,1.0,0.0,0.09
,3.0,0.12,0.6799999999999999,0.44000000000000006,0.0
,38.0,0.48,0.93,0.04,0.13999999999999999
,39.0,0.48,1.0,0.0,0.09
,4.0,0.02,0.7,0.44000000000000006,0.0
,5.0,0.02,1.0,0.0,0.0
,6.0,0.02,1.0,0.0,0.0
,7.0,0.02,1.0,0.0,0.0
,8.0,0.02,1.0,0.0,0.0
,9.0,0.02,1.0,0.0,0.0
,10.0,0.02,1.0,0.0,0.0
,11.0,0.02,1.0,0.0,0.0
,12.0,0.02,1.0,0.0,0.0
,13.0,0.02,1.0,0.0,0.0
,14.0,0.02,1.0,0.0,0.0
,15.0,0.02,1.0,0.0,0.0
,16.0,0.02,1.0,0.0,0.0
,17.0,0.02,1.0,0.0,0.0
,18.0,0.02,1.0,0.0,0.0
,19.0,0.02,1.0,0.0,0.0
,20.0,0.02,1.0,0.0,0.0
,21.0,0.02,1.0,0.0,0.0
,22.0,0.02,1.0,0.0,0.0
,23.0,0.02,1.0,0.0,0.0
,24.0,0.02,1.0,0.0,0.0
,25.0,0.02,1.0,0.0,0.0
,26.0,0.02,1.0,0.0,0.0
,3.0,0.3,0.6100000000000001,0.29000000000000004,0.0
,46.0,0.46,0.9199999999999999,0.02,0.15
,3.0,0.42,0.55,0.32,0.0
,3.0,0.16,0.67,0.2800000000000001,0.0
,3.0,0.2,0.6900000000000001,0.53,0.0
,3.0,0.14,0.8,0.18000000000000002,0.0
,47.0,0.46,0.9400000000000001,0.02,0.15
,48.0,0.46,1.0,0.0,0.07999999999999999
,40.0,0.48,0.93,0.05,0.09999999999999999
,41.0,0.48,1.0,0.0,0.05
,42.0,0.48,1.0,0.0,0.1
,43.0,0.48,1.0,0.0,0.030000000000000006
,44.0,0.48,1.0,0.0,0.13000000000000003
,45.0,0.48,1.0,0.0,0.06
,46.0,0.48,1.0,0.0,0.1
,47.0,0.48,1.0,0.0,0.11000000000000001
,48.0,0.48,1.0,0.0,0.05
,49.0,0.48,1.0,0.0,0.06999999999999999
,3.0,0.4,0.7400000000000001,0.25000000000000006,0.0
,3.0,0.32,0.73,0.36,0.0
,4.0,0.24,0.76,0.48999999999999994,0.0
,0.0,0.5,0.5800000000000001,0.38999999999999996,0.0
,3.0,0.08,0.7300000000000001,0.25,0.0
,2.0,0.44,0.6700000000000002,0.33,0.0
,3.0,0.36,0.72,0.37,0.0
,3.0,0.38,0.6100000000000001,0.43,0.0
,25.0,0.5,0.8300000000000001,0.08,0.13999999999999999
,26.0,0.5,1.0,0.0,0.12
,3.0,0.28,0.6799999999999999,0.26999999999999996,0.0
,1.0,0.46,0.5399999999999999,0.54,0.0
,26.0,0.52,0.89,0.04,0.12
,4.0,0.26,0.7000000000000001,0.22000000000000003,0.0
,1.0,0.48,0.59,0.32,0.0
,4.0,0.22,0.6599999999999999,0.39,0.0
,5.0,0.22,1.0,0.0,0.0
,6.0,0.22,1.0,0.0,0.0
,7.0,0.22,1.0,0.0,0.0
,8.0,0.22,1.0,0.0,0.0
,9.0,0.22,1.0,0.0,0.0
,10.0,0.22,1.0,0.0,0.0
,27.0,0.5,0.9400000000000001,0.04,0.13000000000000003
,28.0,0.5,1.0,0.0,0.09
,29.0,0.5,0.9400000000000001,0.03,0.08
,30.0,0.5,1.0,0.0,0.13
,27.0,0.52,0.8800000000000001,0.03,0.1
,27.0,0.54,0.9199999999999999,0.01,0.14
,28.0,0.52,0.99,0.05,0.15000000000000002
,29.0,0.52,1.0,0.0,0.14000000000000004
,28.0,0.54,0.9400000000000001,0.04,0.13
,4.0,0.18,0.75,0.2700000000000001,0.0
,5.0,0.18,1.0,0.0,0.0
,6.0,0.18,1.0,0.0,0.0
,7.0,0.18,1.0,0.0,0.0
,8.0,0.18,1.0,0.0,0.0
,4.0,0.34,0.7300000000000001,0.20000000000000004,0.0
,0.0,0.52,0.45,0.53,0.0
,31.0,0.5,0.89,0.06,0.08
,32.0,0.5,1.0,0.0,0.13
,4.0,0.32,0.5499999999999999,0.38000000000000006,0.0
,30.0,0.52,0.95,0.02,0.15
,4.0,0.1,0.85,0.22999999999999998,0.0
,4.0,0.12,0.74,0.21000000000000002,0.0
,5.0,0.12,1.0,0.0,0.0
,33.0,0.5,0.9400000000000001,0.02,0.16000000000000003
,4.0,0.42,0.69,0.30000000000000004,0.0
,1.0,0.54,0.49000000000000005,0.4600000000000001,0.0
,29.0,0.54,0.9800000000000001,0.01,0.14
,31.0,0.52,0.9400000000000001,0.0,0.13
,28.0,0.56,0.9400000000000001,0.02,0.16000000000000006
,4.0,0.2,0.6399999999999999,0.36,0.0
,5.0,0.2,1.0,0.0,0.0
,6.0,0.2,1.0,0.0,0.0
,7.0,0.2,1.0,0.0,0.0
,8.0,0.2,1.0,0.0,0.0
,9.0,0.2,1.0,0.0,0.0
,4.0,0.0,0.75,0.3899999999999999,0.0
,5.0,0.0,1.0,0.0,0.0
,6.0,0.0,1.0,0.0,0.0
,7.0,0.0,1.0,0.0,0.0
,8.0,0.0,1.0,0.0,0.0
,9.0,0.0,1.0,0.0,0.0
,10.0,0.0,1.0,0.0,0.0
,11.0,0.0,1.0,0.0,0.0
,12.0,0.0,1.0,0.0,0.0
,13.0,0.0,1.0,0.0,0.0
,14.0,0.0,1.0,0.0,0.0
,15.0,0.0,1.0,0.0,0.0
,16.0,0.0,1.0,0.0,0.0
,17.0,0.0,1.0,0.0,0.0
,18.0,0.0,1.0,0.0,0.0
,19.0,0.0,1.0,0.0,0.0
,20.0,0.0,1.0,0.0,0.0
,21.0,0.0,1.0,0.0,0.0
,22.0,0.0,1.0,0.0,0.0
,23.0,0.0,1.0,0.0,0.0
,24.0,0.0,1.0,0.0,0.0
,25.0,0.0,1.0,0.0,0.0
,30.0,0.54,0.9,0.06999999999999999,0.15999999999999998
,31.0,0.54,1.0,0.0,0.07999999999999999
,32.0,0.54,1.0,0.0,0.18
,33.0,0.54,1.0,0.0,0.10000000000000002
,34.0,0.54,1.0,0.0,0.07
,35.0,0.54,1.0,0.0,0.07999999999999999
,36.0,0.54,1.0,0.0,0.16
,37.0,0.54,1.0,0.0,0.08
,38.0,0.54,1.0,0.0,0.1
,39.0,0.54,1.0,0.0,0.05
,4.0,0.38,0.63,0.35000000000000003,0.0
,32.0,0.52,0.95,0.01,0.09
,3.0,0.44,0.62,0.41000000000000003,0.0
,29.0,0.56,0.9400000000000001,0.02,0.13
,4.0,0.3,0.8,0.18000000000000002,0.0
,34.0,0.5,0.9099999999999999,0.08,0.09
,4.0,0.14,0.82,0.18,0.0
,5.0,0.14,1.0,0.0,0.0
,6.0,0.14,1.0,0.0,0.0
,30.0,0.6,1.0,0.0,0.11000000000000001
,40.0,0.54,0.96,0.02,0.09999999999999999
,41.0,0.54,1.0,0.0,0.05
,42.0,0.54,1.0,0.0,0.13
,43.0,0.54,1.0,0.0,0.09
,44.0,0.54,1.0,0.0,0.1
,33.0,0.52,0.96,0.02,0.14
,34.0,0.52,1.0,0.0,0.17
,35.0,0.52,0.96,0.02,0.06000000000000001
,36.0,0.52,1.0,0.0,0.12
,37.0,0.52,1.0,0.0,0.12
,4.0,0.16,0.8699999999999999,0.25000000000000006,0.0
,5.0,0.16,1.0,0.0,0.0
,6.0,0.16,1.0,0.0,0.0
,7.0,0.16,1.0,0.0,0.0
,29.0,0.58,0.9400000000000001,0.05,0.14
,4.0,0.36,0.6199999999999999,0.29,0.0
,2.0,0.48,0.48,0.43,0.0
,4.0,0.4,0.8200000000000001,0.26,0.0
,35.0,0.5,0.96,0.04,0.09
,36.0,0.5,1.0,0.0,0.09
,37.0,0.5,0.9400000000000001,0.03,0.11000000000000001
,31.0,0.6,0.95,0.01,0.14
,32.0,0.6,1.0,0.0,0.07999999999999999
,33.0,0.6,1.0,0.0,0.06
,4.0,0.28,0.7000000000000001,0.39,0.0
,2.0,0.46,0.5800000000000001,0.37,0.0
,45.0,0.54,0.9400000000000001,0.03,0.09
,1.0,0.52,0.45,0.38000000000000006,0.0
,38.0,0.52,0.9400000000000001,0.02,0.13
,39.0,0.52,1.0,0.0,0.06999999999999999
,40.0,0.52,0.97,0.01,0.13
,41.0,0.52,1.0,0.0,0.06
,30.0,0.56,0.96,0.06,0.13999999999999999
,1.0,0.5,0.76,0.3,0.0
,38.0,0.5,0.93,0.02,0.08
,39.0,0.5,1.0,0.0,0.11000000000000001
,40.0,0.5,1.0,0.0,0.06999999999999999
,41.0,0.5,1.0,0.0,0.07999999999999999
,42.0,0.5,1.0,0.0,0.13
,43.0,0.5,1.0,0.0,0.08
,44.0,0.5,1.0,0.0,0.06999999999999999
,34.0,0.6,0.9199999999999999,0.02,0.06
,35.0,0.6,1.0,0.0,0.06000000000000001
,5.0,0.24,0.8099999999999999,0.15,0.0
,6.0,0.24,1.0,0.0,0.0
,7.0,0.24,1.0,0.0,0.0
,8.0,0.24,1.0,0.0,0.0
,9.0,0.24,1.0,0.0,0.0
,10.0,0.24,1.0,0.0,0.0
,11.0,0.24,1.0,0.0,0.0
,42.0,0.52,0.9199999999999999,0.02,0.14
,31.0,0.56,0.96,0.02,0.12
,32.0,0.56,1.0,0.0,0.04
,33.0,0.56,0.9400000000000001,0.01,0.09
,30.0,0.58,0.9400000000000001,0.03,0.12000000000000002
,31.0,0.58,1.0,0.0,0.11000000000000003
,32.0,0.58,1.0,0.0,0.06
,5.0,0.26,0.77,0.41000000000000003,0.0
,6.0,0.26,1.0,0.0,0.0
,7.0,0.26,1.0,0.0,0.0
,8.0,0.26,1.0,0.0,0.0
,9.0,0.26,1.0,0.0,0.0
,10.0,0.26,1.0,0.0,0.0
,11.0,0.26,1.0,0.0,0.0
,12.0,0.26,1.0,0.0,0.0
,36.0,0.6,0.95,0.04,0.09
,37.0,0.6,1.0,0.0,0.08
,45.0,0.5,0.93,0.02,0.10999999999999999
,31.0,0.62,0.9400000000000001,0.03,0.17000000000000004
,46.0,0.54,0.9,0.06000000000000001,0.13
,32.0,0.62,0.9199999999999999,0.04,0.13000000000000003
,33.0,0.62,1.0,0.0,0.08
,43.0,0.52,0.8699999999999999,0.05,0.16
,34.0,0.56,0.96,0.0,0.11000000000000001
,35.0,0.56,1.0,0.0,0.08
,36.0,0.56,1.0,0.0,0.06999999999999999
,2.0,0.56,0.55,0.41,0.0
,33.0,0.58,0.96,0.02,0.06999999999999999
,34.0,0.58,0.9400000000000001,0.01,0.1
,35.0,0.58,0.9800000000000001,0.0,0.11000000000000001
,36.0,0.58,1.0,0.0,0.09
,3.0,0.48,0.29,0.5199999999999999,0.0
,46.0,0.5,0.95,0.02,0.16
,38.0,0.6,0.93,0.02,0.09
,47.0,0.5,1.0,0.0,0.08
,37.0,0.56,0.93,0.01,0.12
,44.0,0.52,0.9,0.04,0.12
,37.0,0.58,0.9400000000000001,0.02,0.1
,4.0,0.6,0.5800000000000001,0.41999999999999993,0.0
,39.0,0.6,0.9400000000000001,0.03,0.08
,40.0,0.6,1.0,0.0,0.1
,41.0,0.6,1.0,0.0,0.030000000000000006
,42.0,0.6,1.0,0.0,0.13
,48.0,0.5,1.0,0.0,0.07999999999999999
,49.0,0.5,1.0,0.0,0.12
,50.0,0.5,0.9800000000000001,0.0,0.13
,32.0,0.64,1.0,0.0,0.07
,33.0,0.64,1.0,0.0,0.11000000000000001
,38.0,0.58,0.95,0.02,0.13
,43.0,0.6,0.9400000000000001,0.03,0.15999999999999998
,44.0,0.6,1.0,0.0,0.19000000000000003
,47.0,0.54,0.8299999999999998,0.05,0.3
,48.0,0.54,1.0,0.0,0.24
,34.0,0.64,0.9400000000000001,0.03,0.1
,38.0,0.56,0.8800000000000001,0.05,0.17
,34.0,0.62,0.8699999999999999,0.06999999999999999,0.15
,35.0,0.62,0.96,0.02,0.10999999999999999
,45.0,0.52,0.8800000000000001,0.04,0.2
,5.0,0.34,0.7999999999999999,0.14,0.0
,6.0,0.34,1.0,0.0,0.0
,7.0,0.34,1.0,0.0,0.0
,8.0,0.34,1.0,0.0,0.0
,9.0,0.34,1.0,0.0,0.0
,10.0,0.34,1.0,0.0,0.0
,11.0,0.34,1.0,0.0,0.0
,12.0,0.34,1.0,0.0,0.0
,13.0,0.34,1.0,0.0,0.0
,14.0,0.34,1.0,0.0,0.0
,15.0,0.34,1.0,0.0,0.0
,16.0,0.34,1.0,0.0,0.0
,5.0,0.32,0.8099999999999999,0.18000000000000002,0.0
,6.0,0.32,1.0,0.0,0.0
,7.0,0.32,1.0,0.0,0.0
,8.0,0.32,1.0,0.0,0.0
,9.0,0.32,1.0,0.0,0.0
,10.0,0.32,1.0,0.0,0.0
,11.0,0.32,1.0,0.0,0.0
,12.0,0.32,1.0,0.0,0.0
,13.0,0.32,1.0,0.0,0.0
,14.0,0.32,1.0,0.0,0.0
,15.0,0.32,1.0,0.0,0.0
,49.0,0.54,0.9400000000000001,0.01,0.19
,35.0,0.64,0.9,0.030000000000000006,0.14
,33.0,0.66,1.0,0.0,0.06000000000000001
,39.0,0.56,0.9400000000000001,0.02,0.07999999999999999
,36.0,0.64,1.0,0.0,0.06999999999999999
,2.0,0.54,0.7300000000000001,0.32000000000000006,0.0
,5.0,0.42,0.6799999999999999,0.37,0.0
,46.0,0.52,0.9,0.01,0.18000000000000002
,47.0,0.52,1.0,0.0,0.12
,36.0,0.62,0.9199999999999999,0.02,0.13999999999999999
,3.0,0.58,0.72,0.38,0.0
,37.0,0.62,1.0,0.0,0.06999999999999999
,5.0,0.62,0.65,0.37000000000000005,0.0
,39.0,0.58,0.8699999999999999,0.04,0.16000000000000003
,50.0,0.54,0.9,0.06,0.22000000000000003
,45.0,0.6,0.8800000000000001,0.06,0.32999999999999996
,46.0,0.6,0.95,0.03,0.26999999999999996
,47.0,0.6,1.0,0.0,0.2
,5.0,0.38,0.78,0.22999999999999998,0.0
,6.0,0.38,0.7999999999999999,0.0,0.0
,7.0,0.38,1.0,0.0,0.0
,8.0,0.38,1.0,0.0,0.0
,9.0,0.38,1.0,0.0,0.0
,10.0,0.38,1.0,0.0,0.0
,11.0,0.38,1.0,0.0,0.0
,2.0,0.52,0.52,0.43,0.0
,12.0,0.38,1.0,0.0,0.0
,13.0,0.38,1.0,0.0,0.0
,34.0,0.66,0.95,0.01,0.12000000000000002
,14.0,0.38,1.0,0.0,0.0
,35.0,0.66,1.0,0.0,0.10000000000000002
,15.0,0.38,1.0,0.0,0.0
,36.0,0.66,1.0,0.0,0.11000000000000001
,16.0,0.38,1.0,0.0,0.0
,40.0,0.56,0.9400000000000001,0.03,0.15
,17.0,0.38,1.0,0.0,0.0
,37.0,0.66,1.0,0.0,0.12000000000000002
,18.0,0.38,1.0,0.0,0.0
,37.0,0.64,0.93,0.03,0.07
,5.0,0.3,0.74,0.24000000000000005,0.0
,6.0,0.3,1.0,0.0,0.0
,7.0,0.3,1.0,0.0,0.0
,8.0,0.3,1.0,0.0,0.0
,9.0,0.3,1.0,0.0,0.0
,10.0,0.3,1.0,0.0,0.0
,11.0,0.3,1.0,0.0,0.0
,12.0,0.3,1.0,0.0,0.0
,13.0,0.3,1.0,0.0,0.0
,14.0,0.3,1.0,0.0,0.0
,48.0,0.52,0.9199999999999999,0.02,0.12000000000000002
,38.0,0.62,0.9100000000000001,0.0,0.12999999999999998
,39.0,0.62,1.0,0.0,0.1
,4.0,0.44,0.8400000000000001,0.28,0.0
,41.0,0.56,0.9,0.09,0.2
,38.0,0.64,0.93,0.01,0.12
,34.0,0.68,0.89,0.04,0.12999999999999998
,35.0,0.68,1.0,0.0,0.09
,36.0,0.68,1.0,0.0,0.1
,39.0,0.64,1.0,0.0,0.06
,3.0,0.56,0.53,0.4,0.0
,40.0,0.64,1.0,0.0,0.2799999999999999
,4.0,0.48,0.5499999999999999,0.35,0.0
,5.0,0.4,0.74,0.32,0.0
,40.0,0.58,0.8800000000000001,0.05,0.11000000000000001
,41.0,0.58,1.0,0.0,0.12999999999999998
,48.0,0.6,0.8899999999999999,0.05,0.23000000000000004
,49.0,0.6,1.0,0.0,0.15999999999999998
,5.0,0.28,0.8200000000000001,0.2,0.0
,6.0,0.28,1.0,0.0,0.0
,7.0,0.28,1.0,0.0,0.0
,8.0,0.28,1.0,0.0,0.0
,9.0,0.28,1.0,0.0,0.0
,10.0,0.28,1.0,0.0,0.0
,11.0,0.28,1.0,0.0,0.0
,12.0,0.28,1.0,0.0,0.0
,13.0,0.28,1.0,0.0,0.0
,42.0,0.56,0.96,0.03,0.15
,43.0,0.56,1.0,0.0,0.1
,44.0,0.56,1.0,0.0,0.16999999999999998
,49.0,0.52,0.89,0.05,0.20000000000000004
,50.0,0.52,1.0,0.0,0.2
,38.0,0.66,0.9199999999999999,0.030000000000000006,0.23000000000000004
,37.0,0.68,0.9400000000000001,0.0,0.23000000000000004
,41.0,0.64,0.8699999999999999,0.030000000000000006,0.27
,5.0,0.36,0.7299999999999999,0.39,0.0
,6.0,0.36,1.0,0.0,0.0
,7.0,0.36,1.0,0.0,0.0
,8.0,0.36,1.0,0.0,0.0
,9.0,0.36,1.0,0.0,0.0
,10.0,0.36,1.0,0.0,0.0
,11.0,0.36,1.0,0.0,0.0
,12.0,0.36,1.0,0.0,0.0
,13.0,0.36,1.0,0.0,0.0
,14.0,0.36,1.0,0.0,0.0
,15.0,0.36,1.0,0.0,0.0
,16.0,0.36,1.0,0.0,0.0
,17.0,0.36,1.0,0.0,0.0
,6.0,0.64,0.76,0.29,0.0
,42.0,0.58,0.89,0.06000000000000001,0.2
,0.0,0.56,0.27,0.5900000000000001,0.0
,2.0,0.5,0.76,0.31000000000000005,0.0
,45.0,0.56,0.96,0.01,0.16
,46.0,0.56,0.95,0.03,0.22000000000000003
,3.0,0.46,0.76,0.22000000000000003,0.0
,39.0,0.66,0.9,0.04,0.22999999999999998
,38.0,0.68,0.9,0.05,0.2
,39.0,0.68,1.0,0.0,0.18
,40.0,0.62,0.8200000000000001,0.08,0.2
,41.0,0.62,1.0,0.0,0.21999999999999997
,47.0,0.56,0.9199999999999999,0.03,0.17
,48.0,0.56,1.0,0.0,0.25
,40.0,0.68,0.93,0.01,0.2
,41.0,0.68,0.95,0.01,0.23999999999999994
,42.0,0.62,0.93,0.02,0.2700000000000001
,35.0,0.7000000000000001,0.89,0.11000000000000001,0.14000000000000004
,43.0,0.58,0.9199999999999999,0.05,0.2
,42.0,0.68,0.86,0.06000000000000001,0.19999999999999998
,43.0,0.68,0.9400000000000001,0.01,0.20000000000000004
,40.0,0.66,0.89,0.06000000000000001,0.26999999999999996
,36.0,0.7000000000000001,0.8800000000000001,0.06000000000000001,0.25999999999999995
,5.0,0.6,0.72,0.27,0.0
,3.0,0.54,0.66,0.31,0.0
,50.0,0.6,0.7300000000000001,0.12000000000000002,0.36
,44.0,0.68,0.8800000000000001,0.05,0.24000000000000005
,49.0,0.56,0.9099999999999999,0.06999999999999999,0.24000000000000005
,41.0,0.66,0.96,0.0,0.24
,42.0,0.64,0.79,0.04,0.2
,43.0,0.64,0.9800000000000001,0.0,0.18
,44.0,0.58,0.8800000000000001,0.05,0.24
,37.0,0.7000000000000001,0.89,0.04,0.24
,4.0,0.58,0.72,0.29,0.0
,50.0,0.56,0.95,0.02,0.21000000000000002
,45.0,0.68,0.89,0.06999999999999999,0.28
,0.0,0.54,0.34,0.49000000000000005,0.0
,43.0,0.62,0.8400000000000001,0.09,0.22000000000000006
,6.0,0.62,0.74,0.25,0.0
,45.0,0.58,0.9199999999999999,0.01,0.19000000000000003
,46.0,0.58,1.0,0.0,0.21999999999999997
,47.0,0.58,0.96,0.01,0.20000000000000004
,7.0,0.66,0.7500000000000001,0.2700000000000001,0.0
,1.0,0.56,0.41,0.5,0.0
,3.0,0.52,0.72,0.26,0.0
,38.0,0.7000000000000001,0.93,0.02,0.22000000000000003
,39.0,0.7000000000000001,0.96,0.01,0.22000000000000003
,8.0,0.68,0.8299999999999998,0.30999999999999994,0.0
,42.0,0.66,0.8800000000000001,0.05,0.26999999999999996
,46.0,0.68,0.9,0.04,0.22000000000000003
,44.0,0.64,0.93,0.06000000000000001,0.18
,45.0,0.64,0.99,0.0,0.23000000000000004
,4.0,0.56,0.5399999999999999,0.4699999999999999,0.0
,6.0,0.42,0.85,0.3,0.0
,7.0,0.42,1.0,0.0,0.0
,8.0,0.42,1.0,0.0,0.0
,9.0,0.42,1.0,0.0,0.0
,44.0,0.62,0.95,0.04,0.18
,10.0,0.42,1.0,0.0,0.0
,11.0,0.42,1.0,0.0,0.0
,12.0,0.42,1.0,0.0,0.0
,13.0,0.42,1.0,0.0,0.0
,14.0,0.42,1.0,0.0,0.0
,15.0,0.42,1.0,0.0,0.0
,16.0,0.42,1.0,0.0,0.0
,17.0,0.42,1.0,0.0,0.0
,18.0,0.42,1.0,0.0,0.0
,19.0,0.42,1.0,0.0,0.0
,20.0,0.42,1.0,0.0,0.0
,48.0,0.58,0.95,0.02,0.18
,49.0,0.58,1.0,0.0,0.17
,36.0,0.72,0.8800000000000001,0.05,0.18000000000000002
,5.0,0.44,0.79,0.32,0.0
,43.0,0.66,0.95,0.03,0.2
,50.0,0.58,0.95,0.03,0.21000000000000002
,37.0,0.72,0.95,0.01,0.25
,40.0,0.7000000000000001,0.76,0.08,0.26
,46.0,0.64,0.89,0.06,0.26
,47.0,0.68,0.85,0.05,0.18000000000000002
,45.0,0.62,0.8800000000000001,0.12000000000000002,0.31
,46.0,0.62,1.0,0.0,0.16999999999999998
,41.0,0.7000000000000001,0.8700000000000001,0.04,0.19
,6.0,0.4,0.8300000000000001,0.26,0.0
,7.0,0.4,1.0,0.0,0.0
,7.0,0.64,0.6799999999999999,0.4,0.0
,42.0,0.7000000000000001,0.96,0.01,0.20000000000000004
,8.0,0.4,1.0,0.0,0.0
,9.0,0.4,1.0,0.0,0.0
,10.0,0.4,1.0,0.0,0.0
,11.0,0.4,1.0,0.0,0.0
,12.0,0.4,1.0,0.0,0.0
,13.0,0.4,1.0,0.0,0.0
,14.0,0.4,1.0,0.0,0.0
,15.0,0.4,1.0,0.0,0.0
,16.0,0.4,1.0,0.0,0.0
,17.0,0.4,1.0,0.0,0.0
,18.0,0.4,1.0,0.0,0.0
,19.0,0.4,1.0,0.0,0.0
,3.0,0.5,0.79,0.25,0.0
,4.0,0.46,0.7300000000000001,0.26000000000000006,0.0
,5.0,0.48,0.82,0.21000000000000005,0.0
,9.0,0.7000000000000001,0.7899999999999999,0.36,0.0
,44.0,0.66,0.8899999999999999,0.06,0.27
,47.0,0.64,0.96,0.02,0.19
,48.0,0.68,0.9,0.02,0.23000000000000004
,43.0,0.7000000000000001,0.96,0.01,0.22999999999999998
,44.0,0.7000000000000001,1.0,0.0,0.18
,38.0,0.72,0.9099999999999999,0.05,0.21000000000000002
,0.0,0.62,0.48,0.41000000000000003,0.0
,49.0,0.68,0.9400000000000001,0.02,0.25
,47.0,0.62,0.8699999999999999,0.030000000000000006,0.24000000000000005
,37.0,0.74,0.9400000000000001,0.01,0.19
,45.0,0.7000000000000001,0.89,0.05,0.16000000000000003
,48.0,0.64,0.8699999999999999,0.05,0.21000000000000002
,45.0,0.66,0.86,0.030000000000000006,0.22000000000000006
,48.0,0.62,0.9400000000000001,0.03,0.21000000000000002
,49.0,0.62,0.97,0.0,0.18
,46.0,0.7000000000000001,0.93,0.02,0.26
,47.0,0.7000000000000001,1.0,0.0,0.15999999999999998
,50.0,0.68,0.85,0.05,0.19
,50.0,0.62,0.8800000000000001,0.02,0.27
,4.0,0.54,0.66,0.29000000000000004,0.0
,4.0,0.52,0.64,0.37,0.0
,49.0,0.64,0.86,0.05,0.19
,10.0,0.72,0.8300000000000001,0.22999999999999998,0.0
,11.0,0.72,0.7999999999999999,0.0,0.0
,12.0,0.72,1.0,0.0,0.0
,13.0,0.72,1.0,0.0,0.0
,14.0,0.72,1.0,0.0,0.0
,0.0,0.58,0.62,0.35000000000000003,0.0
,15.0,0.72,0.97,0.01,0.04
,16.0,0.72,0.9,0.07,0.11000000000000001
,6.0,0.6,0.77,0.33,0.0
,8.0,0.66,0.7700000000000001,0.32999999999999996,0.0
,50.0,0.64,0.93,0.02,0.12000000000000002
,17.0,0.72,0.97,0.0,0.07999999999999999
,9.0,0.68,0.8399999999999999,0.32,0.0
,10.0,0.68,0.7999999999999999,0.0,0.0
,11.0,0.68,1.0,0.0,0.0
,12.0,0.68,1.0,0.0,0.0
,13.0,0.68,1.0,0.0,0.0
,5.0,0.58,0.7999999999999999,0.26,0.0
,14.0,0.68,1.0,0.0,0.0
,15.0,0.68,1.0,0.0,0.0
,16.0,0.68,1.0,0.0,0.0
,17.0,0.68,1.0,0.0,0.0
,0.0,0.6,0.56,0.39000000000000007,0.0
,7.0,0.62,0.73,0.27,0.0
,46.0,0.66,0.9,0.05,0.24
,48.0,0.7000000000000001,0.78,0.10999999999999999,0.35000000000000003
,39.0,0.72,0.64,0.16,0.33999999999999997
,6.0,0.44,0.8,0.24,0.0
,7.0,0.44,1.0,0.0,0.0
,8.0,0.44,1.0,0.0,0.0
,9.0,0.44,1.0,0.0,0.0
,10.0,0.44,1.0,0.0,0.0
,11.0,0.44,1.0,0.0,0.0
,12.0,0.44,1.0,0.0,0.0
,13.0,0.44,1.0,0.0,0.0
,14.0,0.44,1.0,0.0,0.0
,15.0,0.44,1.0,0.0,0.0
,16.0,0.44,1.0,0.0,0.0
,17.0,0.44,1.0,0.0,0.0
,18.0,0.44,1.0,0.0,0.0
,19.0,0.44,1.0,0.0,0.0
,20.0,0.44,1.0,0.0,0.0
,21.0,0.44,1.0,0.0,0.0
,12.0,0.76,0.7999999999999999,0.0,0.0
,13.0,0.76,1.0,0.0,0.0
,14.0,0.76,0.96,0.04,0.05
,15.0,0.76,0.9200000000000002,0.02,0.05
,16.0,0.76,1.0,0.0,0.0
,18.0,0.68,0.9199999999999999,0.02,0.10999999999999999
,38.0,0.74,0.76,0.09,0.29
,49.0,0.7000000000000001,0.9400000000000001,0.02,0.19
,18.0,0.72,0.85,0.09,0.19
,39.0,0.74,0.9400000000000001,0.03,0.24
,8.0,0.64,0.7300000000000001,0.41000000000000003,0.0
,5.0,0.56,0.8399999999999999,0.24,0.0
,47.0,0.66,0.8300000000000001,0.06,0.25999999999999995
,11.0,0.74,0.82,0.26,0.0
,12.0,0.74,1.0,0.0,0.0
,13.0,0.74,1.0,0.0,0.0
,14.0,0.74,1.0,0.0,0.0
,15.0,0.74,1.0,0.0,0.0
,16.0,0.74,0.9400000000000001,0.03,0.04
,17.0,0.74,0.9199999999999999,0.02,0.15999999999999998
,50.0,0.7000000000000001,0.9400000000000001,0.02,0.25
,5.0,0.46,0.7100000000000001,0.28,0.0
,40.0,0.72,0.8800000000000001,0.06000000000000001,0.22000000000000003
,19.0,0.72,0.97,0.04,0.09999999999999999
,19.0,0.68,0.89,0.06999999999999999,0.12000000000000002
,48.0,0.66,0.93,0.02,0.27
,49.0,0.66,0.9400000000000001,0.03,0.26
,6.0,0.48,0.76,0.33,0.0
,7.0,0.48,0.9000000000000001,0.0,0.0
,8.0,0.48,1.0,0.0,0.0
,9.0,0.48,1.0,0.0,0.0
,10.0,0.48,1.0,0.0,0.0
,11.0,0.48,1.0,0.0,0.0
,12.0,0.48,1.0,0.0,0.0
,4.0,0.5,0.7,0.43,0.0
,13.0,0.48,1.0,0.0,0.0
,14.0,0.48,1.0,0.0,0.0
,15.0,0.48,1.0,0.0,0.0
,16.0,0.48,1.0,0.0,0.0
,17.0,0.48,1.0,0.0,0.0
,18.0,0.48,1.0,0.0,0.0
,19.0,0.48,1.0,0.0,0.0
,20.0,0.48,1.0,0.0,0.0
,21.0,0.48,1.0,0.0,0.0
,22.0,0.48,1.0,0.0,0.0
,23.0,0.48,1.0,0.0,0.0
,10.0,0.7000000000000001,0.9,0.16999999999999998,0.0
,11.0,0.7000000000000001,1.0,0.0,0.0
,12.0,0.7000000000000001,1.0,0.0,0.0
,13.0,0.7000000000000001,1.0,0.0,0.0
,14.0,0.7000000000000001,1.0,0.0,0.0
,15.0,0.7000000000000001,0.97,0.01,0.04
,16.0,0.7000000000000001,0.97,0.02,0.04
,1.0,0.62,0.6599999999999999,0.31000000000000005,0.0
,20.0,0.72,0.97,0.01,0.07999999999999999
,41.0,0.72,0.97,0.0,0.13999999999999999
,40.0,0.74,0.8399999999999999,0.08,0.26
,0.0,0.7000000000000001,0.39,0.47999999999999987,0.0
,41.0,0.74,0.96,0.05,0.21000000000000005
,42.0,0.74,0.97,0.0,0.18
,43.0,0.74,1.0,0.0,0.18
,0.0,0.64,0.47000000000000003,0.4699999999999999,0.0
,50.0,0.66,0.8899999999999999,0.04,0.20999999999999996
,20.0,0.68,0.8600000000000001,0.03,0.14
,42.0,0.72,0.8699999999999999,0.04,0.27999999999999997
,17.0,0.76,0.6900000000000001,0.18000000000000002,0.22000000000000003
,17.0,0.7000000000000001,0.89,0.05,0.08
,21.0,0.68,0.9199999999999999,0.02,0.12
,44.0,0.74,0.9099999999999999,0.06,0.24000000000000005
,38.0,0.76,0.82,0.06000000000000001,0.24000000000000005
,18.0,0.74,0.8,0.13999999999999999,0.24
,18.0,0.76,0.9099999999999999,0.06999999999999999,0.12999999999999998
,21.0,0.72,0.9099999999999999,0.06000000000000001,0.09
,43.0,0.72,0.8600000000000001,0.04,0.27
,22.0,0.68,0.95,0.02,0.13000000000000003
,45.0,0.74,0.89,0.05,0.3
,5.0,0.54,0.6900000000000001,0.3,0.0
,9.0,0.66,0.8400000000000001,0.25,0.0
,10.0,0.66,1.0,0.0,0.0
,11.0,0.66,1.0,0.0,0.0
,12.0,0.66,1.0,0.0,0.0
,13.0,0.66,1.0,0.0,0.0
,14.0,0.66,1.0,0.0,0.0
,15.0,0.66,1.0,0.0,0.0
,16.0,0.66,1.0,0.0,0.0
,17.0,0.66,0.97,0.03,0.04
,18.0,0.66,1.0,0.0,0.0
,19.0,0.66,0.97,0.01,0.11000000000000001
,19.0,0.74,0.8099999999999999,0.06000000000000001,0.15
,18.0,0.7000000000000001,0.93,0.08,0.16
,1.0,0.58,0.6500000000000001,0.3,0.0
,22.0,0.72,0.9400000000000001,0.02,0.15000000000000002
,23.0,0.72,0.95,0.03,0.11000000000000001
,24.0,0.72,1.0,0.0,0.13
,46.0,0.74,0.95,0.03,0.22000000000000003
,7.0,0.6,0.78,0.3,0.0
,5.0,0.52,0.8300000000000001,0.21000000000000002,0.0
,19.0,0.76,0.9099999999999999,0.08,0.19999999999999998
,0.0,0.66,0.64,0.38,0.0
,20.0,0.66,0.99,0.04,0.11000000000000001
,21.0,0.66,1.0,0.0,0.12
,22.0,0.66,1.0,0.0,0.1
,39.0,0.76,0.89,0.06999999999999999,0.23000000000000004
,44.0,0.72,0.9,0.030000000000000006,0.2
,23.0,0.68,0.9,0.04,0.13000000000000003
,24.0,0.68,1.0,0.0,0.06
,6.0,0.58,0.7399999999999999,0.27,0.0
,47.0,0.74,0.8399999999999999,0.08,0.22000000000000003
,48.0,0.74,0.95,0.04,0.32
,1.0,0.6,0.6599999999999999,0.37,0.0
,20.0,0.74,0.8400000000000001,0.06000000000000001,0.15
,40.0,0.76,0.95,0.01,0.23000000000000004
,19.0,0.7000000000000001,0.9199999999999999,0.06,0.16
,45.0,0.72,0.93,0.05,0.24
,8.0,0.62,0.89,0.22000000000000003,0.0
,9.0,0.62,0.9000000000000001,0.0,0.0
,10.0,0.62,1.0,0.0,0.0
,11.0,0.62,1.0,0.0,0.0
,12.0,0.62,1.0,0.0,0.0
,13.0,0.62,1.0,0.0,0.0
,14.0,0.62,1.0,0.0,0.0
,15.0,0.62,1.0,0.0,0.0
,16.0,0.62,1.0,0.0,0.0
,25.0,0.68,0.93,0.01,0.08
,6.0,0.56,0.7000000000000001,0.28,0.0
,17.0,0.62,1.0,0.0,0.0
,18.0,0.62,1.0,0.0,0.0
,19.0,0.62,1.0,0.0,0.0
,0.0,0.72,0.6100000000000001,0.42000000000000004,0.0
,21.0,0.74,0.93,0.02,0.07
,20.0,0.7000000000000001,0.9400000000000001,0.02,0.13
,1.0,0.7000000000000001,0.5900000000000001,0.47000000000000003,0.0
,2.0,0.62,0.5900000000000001,0.43,0.0
,46.0,0.72,0.9400000000000001,0.01,0.2
,25.0,0.72,0.82,0.06,0.14000000000000004
,20.0,0.62,0.96,0.04,0.15
,47.0,0.72,1.0,0.0,0.14
,48.0,0.72,0.9800000000000001,0.0,0.29
,20.0,0.76,0.74,0.09000000000000001,0.2
,22.0,0.74,0.85,0.04,0.14000000000000004
,0.0,0.68,0.55,0.32999999999999996,0.0
,23.0,0.66,0.7999999999999999,0.12000000000000002,0.19
,1.0,0.64,0.53,0.42000000000000004,0.0
,26.0,0.72,0.89,0.04,0.15
,49.0,0.74,0.8099999999999999,0.06999999999999999,0.24
,9.0,0.64,0.85,0.20999999999999996,0.0
,10.0,0.64,1.0,0.0,0.0
,11.0,0.64,1.0,0.0,0.0
,12.0,0.64,1.0,0.0,0.0
,13.0,0.64,1.0,0.0,0.0
,14.0,0.64,1.0,0.0,0.0
,15.0,0.64,1.0,0.0,0.0
,16.0,0.64,1.0,0.0,0.0
,17.0,0.64,1.0,0.0,0.0
,18.0,0.64,1.0,0.0,0.0
,19.0,0.64,0.9400000000000001,0.03,0.04
,41.0,0.76,0.7500000000000001,0.11000000000000001,0.25
,42.0,0.76,1.0,0.0,0.22999999999999998
,1.0,0.66,0.32,0.43999999999999995,0.0
,6.0,0.46,0.8099999999999999,0.3,0.0
,7.0,0.46,1.0,0.0,0.0
,8.0,0.46,1.0,0.0,0.0
,9.0,0.46,1.0,0.0,0.0
,10.0,0.46,1.0,0.0,0.0
,11.0,0.46,1.0,0.0,0.0
,12.0,0.46,1.0,0.0,0.0
,13.0,0.46,1.0,0.0,0.0
,14.0,0.46,1.0,0.0,0.0
,15.0,0.46,1.0,0.0,0.0
,16.0,0.46,1.0,0.0,0.0
,17.0,0.46,1.0,0.0,0.0
,23.0,0.74,0.9099999999999999,0.05,0.13000000000000003
,18.0,0.46,1.0,0.0,0.0
,19.0,0.46,1.0,0.0,0.0
,20.0,0.46,1.0,0.0,0.0
,21.0,0.46,1.0,0.0,0.0
,22.0,0.46,1.0,0.0,0.0
,13.0,0.78,0.7999999999999999,0.0,0.0
,14.0,0.78,0.9800000000000001,0.0,0.02
,15.0,0.78,0.8300000000000001,0.06000000000000001,0.12
,21.0,0.7000000000000001,0.89,0.12000000000000002,0.1
,27.0,0.72,0.99,0.01,0.04
,50.0,0.74,0.9400000000000001,0.04,0.18
,26.0,0.68,0.8800000000000001,0.12,0.18
,5.0,0.5,0.7600000000000001,0.14999999999999997,0.0
,49.0,0.72,0.85,0.030000000000000006,0.20000000000000004
,50.0,0.72,1.0,0.0,0.16000000000000003
,21.0,0.76,0.85,0.05,0.16999999999999998
,43.0,0.76,0.95,0.02,0.2
,22.0,0.7000000000000001,0.9400000000000001,0.02,0.13999999999999999
,2.0,0.58,0.45,0.39,0.0
,28.0,0.72,0.93,0.02,0.16
,27.0,0.68,0.97,0.03,0.15
,28.0,0.68,1.0,0.0,0.09
,29.0,0.68,0.9,0.030000000000000006,0.14
,30.0,0.68,1.0,0.0,0.15
,21.0,0.62,0.85,0.04,0.16999999999999998
,20.0,0.64,0.93,0.08,0.10999999999999999
,21.0,0.64,0.99,0.0,0.10999999999999999
,24.0,0.74,0.8800000000000001,0.06,0.17
,23.0,0.7000000000000001,0.95,0.04,0.12000000000000002
,24.0,0.66,0.85,0.1,0.17
,29.0,0.72,0.93,0.03,0.09
,30.0,0.72,1.0,0.0,0.11000000000000001
,31.0,0.68,1.0,0.01,0.08
,2.0,0.6,0.45,0.45000000000000007,0.0
,44.0,0.76,0.8699999999999999,0.05,0.22000000000000003
,45.0,0.76,1.0,0.0,0.12
,46.0,0.76,0.96,0.03,0.30000000000000004
,16.0,0.78,0.85,0.12,0.18
,25.0,0.74,0.8700000000000001,0.030000000000000006,0.16999999999999998
,25.0,0.66,0.9099999999999999,0.0,0.1
,26.0,0.66,1.0,0.0,0.02
,27.0,0.66,1.0,0.0,0.030000000000000006
,28.0,0.66,0.9800000000000001,0.0,0.1
,39.0,0.78,0.89,0.05,0.19
,1.0,0.72,0.45999999999999996,0.51,0.0
,2.0,0.66,0.43999999999999995,0.4800000000000001,0.0
,26.0,0.74,0.95,0.02,0.15
,29.0,0.66,0.9199999999999999,0.030000000000000006,0.13999999999999999
,30.0,0.66,1.0,0.0,0.10999999999999999
,24.0,0.7000000000000001,0.8800000000000001,0.08,0.14
,25.0,0.7000000000000001,0.97,0.03,0.09999999999999999
,26.0,0.7000000000000001,1.0,0.0,0.06999999999999999
,27.0,0.7000000000000001,1.0,0.0,0.08
,40.0,0.78,0.8800000000000001,0.05,0.22999999999999998
,41.0,0.78,0.97,0.0,0.22999999999999998
,2.0,0.7000000000000001,0.43,0.55,0.0
,22.0,0.62,0.85,0.030000000000000006,0.12000000000000002
,6.0,0.54,0.7799999999999999,0.27999999999999997,0.0
,6.0,0.52,0.8400000000000001,0.21000000000000002,0.0
,22.0,0.64,0.8399999999999999,0.05,0.11000000000000001
,27.0,0.74,0.96,0.03,0.10999999999999999
,32.0,0.68,0.7700000000000001,0.04,0.14
,7.0,0.58,0.7499999999999999,0.36,0.0
,42.0,0.78,0.95,0.03,0.23000000000000004
,23.0,0.62,1.0,0.01,0.11000000000000001
,24.0,0.62,1.0,0.0,0.12
,8.0,0.6,0.8099999999999999,0.3,0.0
,9.0,0.6,1.0,0.0,0.0
,10.0,0.6,1.0,0.0,0.0
,47.0,0.76,0.82,0.09,0.29
,11.0,0.6,1.0,0.0,0.0
,12.0,0.6,1.0,0.0,0.0
,13.0,0.6,1.0,0.0,0.0
,14.0,0.6,1.0,0.0,0.0
,15.0,0.6,1.0,0.0,0.0
,16.0,0.6,1.0,0.0,0.0
,17.0,0.6,1.0,0.0,0.0
,18.0,0.6,1.0,0.0,0.0
,19.0,0.6,1.0,0.0,0.0
,20.0,0.6,0.97,0.01,0.03
,22.0,0.76,0.77,0.09000000000000001,0.22000000000000003
,23.0,0.76,0.97,0.01,0.05
,3.0,0.62,0.6799999999999999,0.32,0.0
,1.0,0.68,0.56,0.4,0.0
,31.0,0.72,0.8300000000000001,0.09,0.25
,32.0,0.72,1.0,0.0,0.11000000000000001
,31.0,0.66,0.86,0.05,0.14999999999999997
,33.0,0.68,0.9,0.05,0.18000000000000002
,28.0,0.7000000000000001,0.89,0.05,0.09
,14.0,0.8,0.8500000000000002,0.03,0.08
,15.0,0.8,0.89,0.06,0.13
,28.0,0.74,0.93,0.02,0.06000000000000001
,43.0,0.78,0.93,0.02,0.22000000000000003
,23.0,0.64,0.9,0.05,0.19
,25.0,0.62,0.95,0.04,0.15
,16.0,0.8,0.9,0.06999999999999999,0.12999999999999998
,0.0,0.76,0.51,0.5,0.0
,17.0,0.78,0.8,0.16,0.22000000000000006
,29.0,0.7000000000000001,0.9,0.06999999999999999,0.26
,32.0,0.66,0.93,0.03,0.09000000000000001
,7.0,0.56,0.72,0.34,0.0
,8.0,0.56,0.9000000000000001,0.0,0.0
,9.0,0.56,1.0,0.0,0.0
,10.0,0.56,1.0,0.0,0.0
,2.0,0.64,0.68,0.31000000000000005,0.0
,11.0,0.56,1.0,0.0,0.0
,12.0,0.56,1.0,0.0,0.0
,13.0,0.56,1.0,0.0,0.0
,33.0,0.72,0.8699999999999999,0.06,0.17
,14.0,0.56,1.0,0.0,0.0
,15.0,0.56,1.0,0.0,0.0
,16.0,0.56,1.0,0.0,0.0
,17.0,0.56,1.0,0.0,0.0
,29.0,0.74,0.9,0.04,0.12999999999999998
,18.0,0.56,1.0,0.0,0.0
,30.0,0.74,1.0,0.0,0.09
,19.0,0.56,1.0,0.0,0.0
,20.0,0.56,1.0,0.0,0.0
,21.0,0.56,1.0,0.0,0.0
,44.0,0.78,0.89,0.04,0.22000000000000003
,45.0,0.78,0.9199999999999999,0.0,0.3
,3.0,0.66,0.43999999999999995,0.45,0.0
,26.0,0.62,0.96,0.06,0.10999999999999999
,17.0,0.8,0.9,0.06,0.15
,6.0,0.5,0.77,0.35,0.0
,21.0,0.6,0.96,0.03,0.1
,34.0,0.72,0.95,0.0,0.14
,40.0,0.8,0.8899999999999999,0.06,0.24
,31.0,0.74,0.9,0.05,0.17
,24.0,0.64,0.9200000000000002,0.0,0.09
,0.0,0.74,0.58,0.38000000000000006,0.0
,3.0,0.6,0.58,0.3400000000000001,0.0
,48.0,0.76,0.8100000000000002,0.08,0.3
,49.0,0.76,1.0,0.0,0.20999999999999996
,24.0,0.76,0.8400000000000001,0.05,0.16
,27.0,0.62,0.97,0.0,0.08
,28.0,0.62,1.0,0.0,0.10999999999999999
,29.0,0.62,0.97,0.01,0.09000000000000001
,22.0,0.56,0.8700000000000001,0.04,0.12999999999999998
,23.0,0.56,1.0,0.0,0.1
,24.0,0.56,1.0,0.0,0.09
,46.0,0.78,0.7799999999999999,0.11000000000000001,0.2700000000000001
,47.0,0.78,1.0,0.0,0.2
,25.0,0.64,0.9199999999999999,0.01,0.09
,30.0,0.7000000000000001,0.8699999999999999,0.02,0.12
,31.0,0.7000000000000001,0.9800000000000001,0.0,0.12000000000000002
,32.0,0.7000000000000001,1.0,0.0,0.15000000000000002
,33.0,0.7000000000000001,1.0,0.0,0.06
,34.0,0.7000000000000001,0.95,0.03,0.09999999999999999
,41.0,0.8,0.89,0.06,0.28
,2.0,0.72,0.47000000000000003,0.35,0.0
,22.0,0.6,0.9099999999999999,0.05,0.13
,35.0,0.72,0.8800000000000001,0.04,0.22000000000000003
,25.0,0.56,0.95,0.02,0.09
,26.0,0.56,0.97,0.01,0.1
,26.0,0.64,0.9199999999999999,0.01,0.06999999999999999
,27.0,0.64,1.0,0.0,0.04
,28.0,0.64,1.0,0.0,0.08
,29.0,0.64,1.0,0.0,0.07
,18.0,0.78,0.77,0.12000000000000002,0.22000000000000003
,50.0,0.76,0.8400000000000001,0.06000000000000001,0.23000000000000004
,30.0,0.62,0.8800000000000001,0.03,0.14
,25.0,0.76,0.9,0.06000000000000001,0.15
,23.0,0.6,0.9800000000000001,0.01,0.14
,32.0,0.74,0.82,0.05,0.18
,48.0,0.78,0.8800000000000001,0.06000000000000001,0.24000000000000005
,27.0,0.56,0.9400000000000001,0.04,0.14
,30.0,0.64,0.96,0.04,0.13000000000000003
,31.0,0.64,1.0,0.0,0.08
,3.0,0.7000000000000001,0.6,0.34,0.0
,42.0,0.8,0.89,0.04,0.25
,4.0,0.62,0.48,0.55,0.0
,43.0,0.8,1.0,0.0,0.16
,18.0,0.8,0.7699999999999999,0.15,0.19
,15.0,0.8200000000000001,0.7100000000000001,0.09999999999999999,0.13999999999999999
,49.0,0.78,0.9099999999999999,0.01,0.18
,19.0,0.78,0.86,0.06999999999999999,0.21999999999999997
,44.0,0.8,0.8699999999999999,0.06999999999999999,0.27999999999999997
,1.0,0.76,0.48,0.4499999999999999,0.0
,26.0,0.76,0.8,0.07,0.15
,42.0,0.84,0.8699999999999999,0.05,0.22000000000000003
,7.0,0.54,0.85,0.34,0.0
,8.0,0.54,1.0,0.0,0.0
,9.0,0.54,1.0,0.0,0.0
,10.0,0.54,1.0,0.0,0.0
,11.0,0.54,1.0,0.0,0.0
,12.0,0.54,1.0,0.0,0.0
,13.0,0.54,1.0,0.0,0.0
,14.0,0.54,1.0,0.0,0.0
,15.0,0.54,1.0,0.0,0.0
,16.0,0.54,1.0,0.0,0.0
,17.0,0.54,1.0,0.0,0.0
,18.0,0.54,1.0,0.0,0.0
,19.0,0.54,1.0,0.0,0.0
,20.0,0.54,1.0,0.0,0.0
,21.0,0.54,1.0,0.0,0.0
,22.0,0.54,1.0,0.0,0.0
,33.0,0.74,0.8400000000000001,0.08,0.15000000000000002
,24.0,0.6,0.8099999999999999,0.06999999999999999,0.13999999999999999
,25.0,0.6,1.0,0.0,0.16
,26.0,0.6,0.96,0.04,0.15
,50.0,0.78,0.9,0.030000000000000006,0.25000000000000006
,3.0,0.64,0.56,0.39,0.0
,41.0,0.8200000000000001,0.82,0.12,0.29000000000000004
,17.0,0.86,0.7500000000000001,0.05,0.15
,43.0,0.86,0.8700000000000001,0.04,0.15
,18.0,0.88,0.58,0.25,0.32999999999999996
,20.0,0.78,0.95,0.04,0.15
,21.0,0.78,0.99,0.0,0.09
,16.0,0.84,0.67,0.17000000000000004,0.26
,23.0,0.54,0.95,0.04,0.1
,24.0,0.54,0.99,0.0,0.07
,42.0,0.8200000000000001,0.82,0.08,0.27
,7.0,0.52,0.8099999999999999,0.22999999999999998,0.0
,8.0,0.52,1.0,0.0,0.0
,9.0,0.52,1.0,0.0,0.0
,10.0,0.52,1.0,0.0,0.0
,11.0,0.52,1.0,0.0,0.0
,12.0,0.52,1.0,0.0,0.0
,13.0,0.52,1.0,0.0,0.0
,14.0,0.52,1.0,0.0,0.0
,15.0,0.52,1.0,0.0,0.0
,16.0,0.52,1.0,0.0,0.0
,17.0,0.52,1.0,0.0,0.0
,18.0,0.52,1.0,0.0,0.0
,19.0,0.52,1.0,0.0,0.0
,20.0,0.52,1.0,0.0,0.0
,21.0,0.52,1.0,0.0,0.0
,19.0,0.8,0.86,0.05,0.16
,22.0,0.52,1.0,0.0,0.0
,23.0,0.52,1.0,0.0,0.0
,1.0,0.74,0.41,0.49000000000000005,0.0
,8.0,0.58,0.8800000000000001,0.22000000000000003,0.0
,9.0,0.58,1.0,0.0,0.0
,10.0,0.58,1.0,0.0,0.0
,11.0,0.58,1.0,0.0,0.0
,12.0,0.58,1.0,0.0,0.0
,13.0,0.58,1.0,0.0,0.0
,14.0,0.58,1.0,0.0,0.0
,2.0,0.68,0.7100000000000001,0.38,0.0
,15.0,0.58,1.0,0.0,0.0
,16.0,0.58,1.0,0.0,0.0
,17.0,0.58,1.0,0.0,0.0
,27.0,0.76,0.85,0.02,0.15
,28.0,0.76,0.9099999999999999,0.01,0.09
,29.0,0.76,0.8400000000000001,0.06999999999999999,0.25000000000000006
,30.0,0.76,1.0,0.0,0.09999999999999999
,17.0,0.84,0.73,0.13,0.21999999999999997
,34.0,0.74,0.8800000000000001,0.06,0.24000000000000005
,27.0,0.6,0.8100000000000002,0.06999999999999999,0.22999999999999998
,28.0,0.6,1.0,0.0,0.06
,44.0,0.86,0.76,0.12,0.33999999999999997
,4.0,0.66,0.5599999999999999,0.44000000000000006,0.0
,20.0,0.8,0.8200000000000001,0.05,0.16
,22.0,0.78,0.8400000000000001,0.08,0.16
,45.0,0.8,0.76,0.12000000000000002,0.31999999999999995
,46.0,0.8,0.95,0.02,0.24
,24.0,0.52,0.9800000000000001,0.0,0.13
,18.0,0.58,0.9400000000000001,0.02,0.03
,19.0,0.58,1.0,0.0,0.0
,20.0,0.58,1.0,0.0,0.0
,21.0,0.58,1.0,0.0,0.0
,22.0,0.58,1.0,0.0,0.08
,25.0,0.54,0.8600000000000001,0.02,0.11000000000000001
,43.0,0.84,0.79,0.09,0.25000000000000006
,29.0,0.6,0.99,0.01,0.14
,18.0,0.86,0.82,0.11000000000000001,0.14
,43.0,0.8200000000000001,0.8400000000000001,0.04,0.22000000000000003
,47.0,0.8,0.9,0.05,0.26999999999999996
,48.0,0.8,1.0,0.0,0.15
,7.0,0.5,0.9099999999999999,0.16999999999999998,0.0
,8.0,0.5,1.0,0.0,0.0
,9.0,0.5,1.0,0.0,0.0
,10.0,0.5,1.0,0.0,0.0
,11.0,0.5,1.0,0.0,0.0
,12.0,0.5,1.0,0.0,0.0
,13.0,0.5,1.0,0.0,0.0
,14.0,0.5,1.0,0.0,0.0
,15.0,0.5,1.0,0.0,0.0
,16.0,0.5,1.0,0.0,0.0
,17.0,0.5,1.0,0.0,0.0
,18.0,0.5,1.0,0.0,0.0
,19.0,0.5,1.0,0.0,0.0
,20.0,0.5,1.0,0.0,0.0
,21.0,0.5,1.0,0.0,0.0
,35.0,0.74,0.82,0.09,0.3
,22.0,0.5,1.0,0.0,0.0
,23.0,0.5,1.0,0.0,0.0
,24.0,0.5,1.0,0.0,0.0
,0.0,0.8,0.27,0.5199999999999999,0.0
,26.0,0.54,0.9400000000000001,0.03,0.14000000000000004
,44.0,0.84,0.8400000000000001,0.06,0.24000000000000005
,45.0,0.9,0.9199999999999999,0.03,0.32
,31.0,0.76,0.89,0.06999999999999999,0.17
,16.0,0.8200000000000001,0.7,0.14,0.19
,44.0,0.88,0.9299999999999999,0.06,0.31
,45.0,0.86,0.8699999999999999,0.06000000000000001,0.32999999999999996
,21.0,0.8,0.8800000000000001,0.06999999999999999,0.17
,25.0,0.52,0.9200000000000002,0.06999999999999999,0.13999999999999999
,0.0,0.78,0.6300000000000001,0.34,0.0
,44.0,0.8200000000000001,0.8300000000000001,0.05,0.21999999999999997
,45.0,0.8200000000000001,0.97,0.0,0.26
,36.0,0.74,0.9100000000000001,0.02,0.21000000000000002
,23.0,0.58,0.9200000000000002,0.01,0.12
,45.0,0.84,0.79,0.09,0.35
,32.0,0.76,0.9400000000000001,0.03,0.12000000000000002
,45.0,0.88,0.8700000000000001,0.04,0.36
,20.0,0.92,0.64,0.25,0.35
,22.0,0.8,0.9199999999999999,0.04,0.12999999999999998
,19.0,0.86,0.7299999999999999,0.15000000000000002,0.30999999999999994
,19.0,0.88,0.6599999999999999,0.27999999999999997,0.3
,46.0,0.8200000000000001,0.9099999999999999,0.06,0.22999999999999998
,18.0,0.84,0.7100000000000001,0.13,0.22999999999999998
,46.0,0.9,0.8600000000000001,0.02,0.4600000000000001
,23.0,0.78,0.8799999999999999,0.15,0.22000000000000003
,46.0,0.92,0.8800000000000001,0.03,0.32999999999999996
,2.0,0.76,0.6900000000000001,0.27,0.0
,17.0,0.8200000000000001,0.8,0.11000000000000001,0.18000000000000002
,46.0,0.86,0.8300000000000001,0.06999999999999999,0.31
,47.0,0.86,0.9399999999999998,0.02,0.27
,4.0,0.7000000000000001,0.74,0.4600000000000001,0.0
,49.0,0.8,0.86,0.06,0.4
,50.0,0.8,0.89,0.02,0.2700000000000001
,24.0,0.58,0.9100000000000001,0.06000000000000001,0.15999999999999998
,25.0,0.58,1.0,0.0,0.030000000000000006
,24.0,0.78,0.96,0.02,0.09999999999999999
,23.0,0.8,0.82,0.08,0.16
,3.0,0.72,0.7500000000000001,0.32999999999999996,0.0
,46.0,0.84,0.78,0.06999999999999999,0.36
,19.0,0.84,0.8300000000000001,0.1,0.19999999999999998
,3.0,0.68,0.51,0.42000000000000004,0.0
,47.0,0.8200000000000001,0.8800000000000001,0.04,0.22000000000000003
,47.0,0.92,0.8100000000000002,0.08,0.35
,26.0,0.58,1.0,0.03,0.08
,19.0,0.9,0.58,0.19,0.31999999999999995
,25.0,0.78,0.9400000000000001,0.06000000000000001,0.14
,46.0,0.88,0.82,0.06999999999999999,0.32
,33.0,0.76,0.89,0.11000000000000001,0.27
,34.0,0.76,1.0,0.0,0.16
,2.0,0.74,0.6300000000000001,0.30000000000000004,0.0
,18.0,0.8200000000000001,0.8400000000000001,0.11000000000000001,0.2
,47.0,0.9,0.8,0.06999999999999999,0.32999999999999996
,48.0,0.86,0.8300000000000001,0.1,0.42000000000000004
,48.0,0.92,0.9199999999999999,0.02,0.26000000000000006
,24.0,0.8,0.9099999999999999,0.06000000000000001,0.1
,25.0,0.8,0.9800000000000001,0.0,0.07999999999999999
,27.0,0.58,0.96,0.0,0.05
,20.0,0.86,0.71,0.15,0.25
,35.0,0.76,0.9400000000000001,0.02,0.13
,21.0,0.92,0.5900000000000001,0.22000000000000003,0.27999999999999997
,26.0,0.78,0.9400000000000001,0.04,0.1
,27.0,0.78,0.9199999999999999,0.04,0.15000000000000002
,47.0,0.88,0.86,0.05,0.32999999999999996
,4.0,0.64,0.71,0.2800000000000001,0.0
,49.0,0.86,0.8400000000000001,0.08,0.31
,26.0,0.8,0.99,0.03,0.09
,48.0,0.8200000000000001,0.86,0.06999999999999999,0.35
,28.0,0.58,0.97,0.04,0.14000000000000004
,20.0,0.88,0.6700000000000002,0.20999999999999996,0.25999999999999995
,20.0,0.9,0.6199999999999999,0.24000000000000005,0.31999999999999995
,21.0,0.9400000000000001,0.5599999999999999,0.26999999999999996,0.35
,21.0,0.9,0.71,0.12000000000000002,0.2
,20.0,0.84,0.7300000000000001,0.09,0.2
,47.0,0.84,0.85,0.09,0.32999999999999996
,48.0,0.84,0.93,0.01,0.27
,48.0,0.9,0.85,0.05,0.31999999999999995
,5.0,0.66,0.78,0.3200000000000001,0.0
,49.0,0.92,0.9199999999999999,0.05,0.33999999999999997
,1.0,0.8,0.6000000000000001,0.31,0.0
,21.0,0.86,0.7899999999999999,0.12000000000000002,0.16
,36.0,0.76,0.8800000000000001,0.05,0.16999999999999998
,21.0,0.84,0.78,0.12,0.22999999999999998
,27.0,0.8,0.9099999999999999,0.08,0.15000000000000002
,49.0,0.9,0.82,0.06,0.32999999999999996
,49.0,0.8200000000000001,0.8400000000000001,0.08,0.38
,22.0,0.84,0.8400000000000001,0.05,0.21000000000000002
,22.0,0.92,0.68,0.15,0.3
,1.0,0.78,0.63,0.28,0.0
,49.0,0.84,0.8699999999999999,0.04,0.32
,50.0,0.86,0.7899999999999999,0.06000000000000001,0.3
,28.0,0.8,0.86,0.030000000000000006,0.15
,48.0,0.88,0.75,0.1,0.32999999999999996
,19.0,0.8200000000000001,0.58,0.20999999999999996,0.3
,50.0,0.8200000000000001,0.85,0.08,0.36
,21.0,0.88,0.77,0.14,0.16
,22.0,0.88,0.8800000000000001,0.05,0.13000000000000003
,22.0,0.86,0.8600000000000001,0.12,0.16000000000000003
,28.0,0.78,0.6599999999999999,0.09999999999999999,0.18
,29.0,0.78,0.95,0.01,0.11000000000000001
,29.0,0.8,0.9400000000000001,0.03,0.13
,30.0,0.8,0.9199999999999999,0.03,0.12999999999999998
,5.0,0.7000000000000001,0.62,0.36000000000000004,0.0
,50.0,0.84,0.9400000000000001,0.03,0.25
,0.0,0.8200000000000001,0.5700000000000001,0.43999999999999995,0.0
,50.0,0.9,0.86,0.08,0.3
,4.0,0.72,0.64,0.43,0.0
,50.0,0.92,0.79,0.05,0.41
,22.0,0.9,0.6900000000000002,0.16999999999999998,0.19
,22.0,0.9400000000000001,0.53,0.3,0.39
,37.0,0.76,0.86,0.09000000000000001,0.26
,23.0,0.84,0.8099999999999999,0.05,0.13
,4.0,0.68,0.67,0.33999999999999997,0.0
,31.0,0.8,0.8699999999999999,0.04,0.18000000000000002
,30.0,0.78,0.95,0.02,0.1
,3.0,0.76,0.78,0.18000000000000002,0.0
,3.0,0.74,0.6100000000000001,0.33,0.0
,23.0,0.9400000000000001,0.6400000000000001,0.2,0.36
,32.0,0.8,0.9099999999999999,0.04,0.18999999999999997
,20.0,0.8200000000000001,0.7699999999999999,0.05,0.14
,49.0,0.88,0.77,0.1,0.32
,21.0,0.8200000000000001,0.82,0.05,0.18
,23.0,0.9,0.7300000000000001,0.16,0.24000000000000005
,24.0,0.84,0.8300000000000001,0.12,0.16999999999999998
,47.0,0.9400000000000001,0.71,0.09999999999999999,0.41
,23.0,0.88,0.65,0.14,0.21000000000000002
,33.0,0.8,0.89,0.05,0.20000000000000004
,5.0,0.64,0.7000000000000001,0.24000000000000005,0.0
,22.0,0.96,0.57,0.31999999999999995,0.3999999999999999
,24.0,0.9400000000000001,0.6599999999999999,0.15999999999999998,0.31
,2.0,0.8,0.5700000000000001,0.41,0.0
,23.0,0.86,0.7500000000000001,0.18000000000000002,0.23000000000000004
,34.0,0.8,0.96,0.01,0.21000000000000002
,23.0,0.92,0.6300000000000001,0.26999999999999996,0.43
,31.0,0.78,0.76,0.09,0.24000000000000005
,50.0,0.88,0.72,0.13,0.37
,0.0,0.92,0.35,0.45000000000000007,0.0
,0.0,0.84,0.53,0.44000000000000006,0.0
,2.0,0.78,0.48999999999999994,0.45,0.0
,24.0,0.9,0.8,0.09999999999999999,0.22999999999999998
,24.0,0.88,0.7300000000000001,0.11000000000000001,0.21000000000000002
,25.0,0.9400000000000001,0.6300000000000001,0.19,0.35999999999999993
,0.0,0.86,0.39,0.5700000000000001,0.0
,22.0,0.8200000000000001,0.7799999999999999,0.1,0.19000000000000003
,0.0,0.9400000000000001,0.43,0.49000000000000005,0.0
,23.0,0.96,0.5700000000000001,0.25,0.38999999999999996
,25.0,0.88,0.95,0.03,0.11000000000000001
,6.0,0.66,0.78,0.18000000000000005,0.0
,24.0,0.86,0.8699999999999999,0.0,0.09
,26.0,0.9400000000000001,0.59,0.16,0.33
,32.0,0.78,0.9,0.06999999999999999,0.16
,25.0,0.84,0.7000000000000001,0.1,0.24000000000000005
,35.0,0.8,0.9099999999999999,0.05,0.26
,24.0,0.96,0.51,0.25000000000000006,0.37
,1.0,0.8200000000000001,0.5700000000000001,0.49000000000000005,0.0
,24.0,0.92,0.67,0.22000000000000003,0.32999999999999996
,25.0,0.92,0.69,0.1,0.27999999999999997
,1.0,0.92,0.27,0.58,0.0
,26.0,0.88,0.71,0.13,0.28
,0.0,0.88,0.67,0.30000000000000004,0.0
,48.0,0.96,0.7699999999999999,0.09999999999999999,0.38
,25.0,0.9,0.7100000000000001,0.13,0.23000000000000004
,6.0,0.7000000000000001,0.72,0.38,0.0
,5.0,0.72,0.77,0.16999999999999998,0.0
,25.0,0.86,0.8300000000000001,0.06,0.14999999999999997
,48.0,0.9400000000000001,0.62,0.16,0.36
,49.0,0.9400000000000001,0.76,0.05,0.4
,1.0,0.86,0.31,0.57,0.0
,4.0,0.76,0.64,0.42000000000000004,0.0
,26.0,0.84,0.76,0.1,0.24000000000000005
,26.0,0.92,0.7599999999999999,0.15000000000000002,0.26000000000000006
,4.0,0.74,0.7000000000000001,0.27,0.0
,36.0,0.8,0.8500000000000002,0.06,0.2
,0.0,0.9,0.35,0.51,0.0
,5.0,0.68,0.79,0.2,0.0
,26.0,0.86,0.78,0.1,0.19
,27.0,0.84,0.89,0.05,0.18000000000000002
,26.0,0.9,0.74,0.1,0.24
,27.0,0.88,0.6499999999999999,0.15,0.26
,27.0,0.9400000000000001,0.64,0.18,0.31999999999999995
,27.0,0.86,0.9,0.04,0.18000000000000002
,28.0,0.84,0.76,0.11000000000000001,0.24
,29.0,0.84,0.97,0.0,0.07999999999999999
,30.0,0.84,0.99,0.0,0.2
,3.0,0.8,0.58,0.37,0.0
,37.0,0.8,0.8300000000000001,0.08,0.26000000000000006
,23.0,0.8200000000000001,0.6199999999999999,0.09000000000000001,0.18
,3.0,0.78,0.7000000000000001,0.32999999999999996,0.0
,50.0,0.9400000000000001,0.8300000000000001,0.06000000000000001,0.33
,49.0,0.96,0.6900000000000001,0.13,0.32999999999999996
,1.0,0.9400000000000001,0.55,0.4,0.0
,28.0,0.86,0.9099999999999999,0.02,0.13999999999999999
,2.0,0.92,0.48,0.37000000000000005,0.0
,24.0,0.8200000000000001,0.93,0.01,0.12000000000000002
,28.0,0.88,0.9200000000000002,0.08,0.15
,27.0,0.9,0.8300000000000001,0.06000000000000001,0.24000000000000005
,31.0,0.84,0.8300000000000001,0.06000000000000001,0.22999999999999998
,32.0,0.84,0.9399999999999998,0.01,0.21999999999999997
,1.0,0.84,0.5499999999999999,0.42000000000000004,0.0
,50.0,0.96,0.75,0.09000000000000001,0.38999999999999996
,1.0,0.88,0.33999999999999997,0.4800000000000001,0.0
,29.0,0.86,0.95,0.03,0.11000000000000001
,28.0,0.9400000000000001,0.6900000000000001,0.15,0.38
,33.0,0.78,0.6100000000000001,0.15999999999999998,0.31999999999999995
,38.0,0.8,0.8099999999999999,0.05,0.24
,2.0,0.8200000000000001,0.41,0.5199999999999999,0.0
,25.0,0.8200000000000001,0.9,0.06,0.19
,27.0,0.92,0.54,0.21000000000000002,0.39999999999999997
,39.0,0.8,1.0,0.0,0.21000000000000002
,23.0,0.98,0.5,0.28,0.37999999999999995
,33.0,0.84,0.8100000000000002,0.06000000000000001,0.27
,29.0,0.88,0.8800000000000001,0.04,0.19000000000000003
,25.0,0.96,0.54,0.38,0.36999999999999994
,24.0,0.98,0.51,0.29000000000000004,0.35999999999999993
,5.0,0.76,0.61,0.45999999999999996,0.0
,29.0,0.9400000000000001,0.62,0.15,0.32999999999999996
,7.0,0.7000000000000001,0.67,0.35000000000000003,0.0
,34.0,0.78,0.9,0.03,0.15
,30.0,0.88,0.8699999999999999,0.030000000000000006,0.2
,34.0,0.84,0.8400000000000001,0.05,0.23000000000000004
,2.0,0.86,0.6100000000000001,0.36,0.0
,26.0,0.8200000000000001,0.9399999999999998,0.04,0.2
,5.0,0.74,0.63,0.36,0.0
,4.0,0.78,0.5,0.48,0.0
,30.0,0.86,0.8,0.12,0.30999999999999994
,35.0,0.78,1.0,0.0,0.18
,2.0,0.9400000000000001,0.41000000000000003,0.6399999999999999,0.0
,28.0,0.9,0.6599999999999999,0.1,0.26
,35.0,0.84,0.8899999999999999,0.04,0.26999999999999996
,27.0,0.8200000000000001,0.9,0.04,0.1
,6.0,0.68,0.74,0.22000000000000003,0.0
,30.0,0.9400000000000001,0.78,0.09,0.22000000000000006
,36.0,0.84,0.8800000000000001,0.03,0.19
,36.0,0.78,0.89,0.04,0.28
,6.0,0.72,0.77,0.31,0.0
,29.0,0.9,0.76,0.1,0.29
,28.0,0.8200000000000001,0.93,0.01,0.09
,29.0,0.8200000000000001,1.0,0.0,0.09
,31.0,0.86,0.8400000000000001,0.06,0.25
,1.0,0.9,0.5799999999999998,0.47000000000000003,0.0
,0.0,0.98,0.4,0.47000000000000003,0.0
,31.0,0.88,0.59,0.18,0.33
,0.0,0.96,0.38,0.45999999999999996,0.0
,30.0,0.8200000000000001,0.9200000000000002,0.02,0.12
,31.0,0.9400000000000001,0.74,0.15,0.28
,3.0,0.92,0.4800000000000001,0.5599999999999998,0.0
,25.0,0.98,0.53,0.28,0.39
,26.0,0.96,0.6,0.18,0.33999999999999997
,4.0,0.8,0.8000000000000002,0.15,0.0
,37.0,0.78,0.86,0.06000000000000001,0.23000000000000004
,32.0,0.86,0.89,0.04,0.21000000000000002
,31.0,0.8200000000000001,0.9099999999999999,0.05,0.24
,2.0,0.88,0.6700000000000002,0.35,0.0
,2.0,0.84,0.55,0.39999999999999997,0.0
,37.0,0.84,0.8099999999999999,0.04,0.3
,38.0,0.84,0.9400000000000001,0.01,0.22000000000000003
,28.0,0.92,0.47999999999999987,0.26,0.41999999999999993
,3.0,0.86,0.43,0.4400000000000001,0.0
,38.0,0.78,0.9199999999999999,0.05,0.24000000000000005
,32.0,0.8200000000000001,0.95,0.02,0.23000000000000004
,33.0,0.8200000000000001,1.0,0.0,0.22000000000000003
,34.0,0.8200000000000001,0.9400000000000001,0.03,0.19000000000000003
,35.0,0.8200000000000001,0.9,0.04,0.24000000000000005
,39.0,0.84,0.8099999999999999,0.09,0.15
,3.0,0.8200000000000001,0.65,0.38,0.0
,33.0,0.86,0.72,0.13,0.26
,26.0,0.98,0.55,0.24,0.4
,40.0,0.84,0.8899999999999999,0.06999999999999999,0.27999999999999997
,41.0,0.84,0.9400000000000001,0.01,0.18
,5.0,0.78,0.6,0.36,0.0
,30.0,0.9,0.71,0.10000000000000002,0.24000000000000005
,32.0,0.88,0.7500000000000001,0.10999999999999999,0.26
,27.0,0.96,0.5999999999999999,0.22999999999999998,0.43999999999999995
,1.0,0.98,0.41,0.45,0.0
,3.0,0.9400000000000001,0.5900000000000001,0.34,0.0
,7.0,0.68,0.6399999999999999,0.3500000000000001,0.0
,34.0,0.86,0.85,0.06000000000000001,0.23000000000000007
,35.0,0.86,0.97,0.0,0.24999999999999994
,36.0,0.86,0.9,0.04,0.24
,6.0,0.74,0.6699999999999999,0.33999999999999997,0.0
,36.0,0.8200000000000001,0.79,0.08,0.23000000000000004
,37.0,0.8200000000000001,0.9400000000000001,0.02,0.15000000000000002
,38.0,0.8200000000000001,0.96,0.02,0.25
,32.0,0.9400000000000001,0.4999999999999999,0.18,0.33999999999999997
,33.0,0.9400000000000001,0.82,0.06000000000000001,0.26
,29.0,0.92,0.6399999999999999,0.21000000000000002,0.27
,6.0,0.76,0.78,0.21000000000000005,0.0
,49.0,0.98,0.63,0.13,0.41
,8.0,0.7000000000000001,0.8099999999999999,0.31999999999999995,0.0
,27.0,0.98,0.5599999999999999,0.23000000000000004,0.33999999999999997
,4.0,0.92,0.54,0.41999999999999993,0.0
,39.0,0.8200000000000001,0.96,0.03,0.25
,31.0,0.9,0.77,0.06,0.25999999999999995
,2.0,0.9,0.56,0.48,0.0
,7.0,0.72,0.6399999999999999,0.45999999999999996,0.0
,3.0,0.88,0.49000000000000005,0.36,0.0
,37.0,0.86,0.8699999999999999,0.06999999999999999,0.32999999999999996
,24.0,1.0,0.52,0.32,0.37
,25.0,1.0,0.59,0.31,0.33
,26.0,1.0,0.53,0.32,0.37
,27.0,1.0,0.57,0.30999999999999994,0.41
,50.0,1.0,0.5799999999999998,0.13,0.43
,5.0,0.8,0.7200000000000001,0.28,0.0
,28.0,0.96,0.6499999999999999,0.21000000000000002,0.33999999999999997
,34.0,0.9400000000000001,0.77,0.13,0.25999999999999995
,1.0,0.96,0.6799999999999999,0.37,0.0
,30.0,0.92,0.78,0.05,0.21000000000000002
,4.0,0.86,0.62,0.35,0.0
,28.0,0.98,0.64,0.15,0.32999999999999996
,3.0,0.84,0.62,0.33,0.0
,4.0,0.8200000000000001,0.5499999999999999,0.4600000000000001,0.0
,40.0,0.8200000000000001,0.74,0.1,0.33999999999999997
,32.0,0.9,0.77,0.06000000000000001,0.29
,2.0,0.98,0.3,0.53,0.0
,50.0,0.98,0.67,0.15,0.37
,31.0,0.92,0.7500000000000001,0.09,0.32999999999999996
,38.0,0.86,0.76,0.05,0.28
,33.0,0.88,0.6699999999999999,0.11000000000000001,0.31999999999999995
,29.0,0.98,0.48999999999999994,0.19,0.31
,6.0,0.78,0.7200000000000001,0.29,0.0
,7.0,0.74,0.6799999999999999,0.29000000000000004,0.0
,33.0,0.9,0.8300000000000001,0.09,0.21000000000000002
,4.0,0.9400000000000001,0.65,0.32999999999999996,0.0
,35.0,0.9400000000000001,0.63,0.16,0.25
,7.0,0.76,0.78,0.27,0.0
,28.0,1.0,0.5599999999999999,0.24000000000000005,0.38
,0.0,1.0,0.19999999999999998,0.5199999999999999,0.0
,29.0,0.96,0.54,0.2799999999999999,0.41000000000000003
,36.0,0.9400000000000001,0.78,0.12,0.2900000000000001
,37.0,0.9400000000000001,0.8,0.08,0.26
,34.0,0.88,0.8,0.09,0.23000000000000004
,32.0,0.92,0.75,0.11000000000000001,0.2799999999999999
,3.0,0.9,0.5399999999999999,0.51,0.0
,39.0,0.86,0.7499999999999999,0.05,0.33
,5.0,0.8200000000000001,0.52,0.4999999999999999,0.0
,5.0,0.92,0.65,0.33999999999999997,0.0
,30.0,0.98,0.6,0.18,0.37
,2.0,0.96,0.5900000000000001,0.32,0.0
,33.0,0.92,0.7200000000000001,0.08,0.36
,6.0,0.8,0.6599999999999999,0.48,0.0
,3.0,0.98,0.5000000000000001,0.51,0.0
,30.0,0.96,0.7,0.10999999999999999,0.26999999999999996
,35.0,0.88,0.89,0.030000000000000006,0.26
,8.0,0.74,0.72,0.33999999999999997,0.0
,5.0,0.86,0.58,0.45,0.0
,40.0,0.86,0.8699999999999999,0.04,0.19
,29.0,1.0,0.52,0.29,0.4
,4.0,0.84,0.68,0.38,0.0
,4.0,0.88,0.7700000000000001,0.25,0.0
,31.0,0.98,0.48,0.23000000000000004,0.45
,8.0,0.72,0.8299999999999998,0.14,0.0
,38.0,0.9400000000000001,0.75,0.06,0.28
,36.0,0.88,0.8099999999999999,0.06000000000000001,0.26999999999999996
,5.0,0.9400000000000001,0.54,0.4,0.0
,41.0,0.86,0.8699999999999999,0.06000000000000001,0.31
,34.0,0.9,0.6599999999999999,0.14,0.29
,3.0,0.96,0.32999999999999996,0.55,0.0
,37.0,0.88,0.74,0.14,0.33999999999999997
,34.0,0.92,0.7499999999999999,0.08,0.22999999999999998
,42.0,0.86,0.8,0.08,0.2800000000000001
,7.0,0.78,0.7200000000000001,0.33,0.0
,38.0,0.88,0.93,0.01,0.2
,31.0,0.96,0.65,0.11000000000000001,0.25
,39.0,0.9400000000000001,0.7100000000000001,0.12000000000000002,0.32999999999999996
,4.0,0.9,0.6399999999999999,0.35000000000000003,0.0
,1.0,1.0,0.5900000000000001,0.4,0.0
,35.0,0.9,0.79,0.04,0.21000000000000002
,32.0,0.98,0.5700000000000001,0.15,0.38
,6.0,0.8200000000000001,0.51,0.49000000000000005,0.0
,8.0,0.76,0.7299999999999999,0.32000000000000006,0.01
,40.0,0.9400000000000001,0.96,0.02,0.18
,39.0,0.88,0.7000000000000001,0.11000000000000001,0.32
,6.0,0.86,0.64,0.41,0.0
,35.0,0.92,0.86,0.08,0.22999999999999998
,5.0,0.84,0.5700000000000001,0.5,0.0
,9.0,0.74,0.7700000000000001,0.38,0.0
,4.0,0.96,0.7300000000000001,0.29000000000000004,0.0
,4.0,0.98,0.5599999999999999,0.4800000000000001,0.0
,32.0,0.96,0.6299999999999999,0.13,0.37
,6.0,0.9400000000000001,0.4600000000000001,0.4999999999999999,0.0
,40.0,0.88,0.8399999999999999,0.06,0.25
,30.0,1.0,0.48,0.31000000000000005,0.37
,7.0,0.8,0.67,0.39,0.0
,6.0,0.92,0.72,0.35,0.0
,36.0,0.9,0.8300000000000001,0.08,0.22999999999999998
,37.0,0.9,0.82,0.1,0.35
,36.0,0.92,0.78,0.09,0.30999999999999994
,5.0,0.88,0.7000000000000001,0.33999999999999997,0.0
,31.0,1.0,0.54,0.22999999999999998,0.4
,41.0,0.88,0.8300000000000001,0.04,0.35
,41.0,0.9400000000000001,0.69,0.14,0.41
,9.0,0.76,0.8099999999999999,0.25,0.0
,9.0,0.72,0.8,0.36,0.0
,5.0,0.96,0.4699999999999999,0.51,0.0
,33.0,0.98,0.48999999999999994,0.2,0.38
,34.0,0.98,0.71,0.11000000000000001,0.39
,33.0,0.96,0.64,0.21000000000000002,0.33
,8.0,0.78,0.76,0.21000000000000002,0.02
,35.0,0.98,0.69,0.14,0.33
,38.0,0.9,0.73,0.1,0.35
,32.0,1.0,0.5399999999999999,0.2799999999999999,0.43999999999999995
,42.0,0.88,0.7699999999999999,0.09,0.32999999999999996
,37.0,0.92,0.6299999999999999,0.12,0.37
,36.0,0.98,0.53,0.16999999999999998,0.41
,39.0,0.9,0.82,0.02,0.2800000000000001
,5.0,0.98,0.7,0.31999999999999995,0.0
,2.0,1.0,0.71,0.3,0.0
,34.0,0.96,0.68,0.09,0.36999999999999994
,42.0,0.9400000000000001,0.8399999999999999,0.06999999999999999,0.33999999999999997
,5.0,0.9,0.66,0.34,0.0
,37.0,0.98,0.68,0.13,0.41
,43.0,0.88,0.8400000000000001,0.08,0.25999999999999995
,43.0,0.9400000000000001,0.6599999999999999,0.16,0.36
,38.0,0.92,0.77,0.1,0.32999999999999996
,7.0,0.8200000000000001,0.7100000000000001,0.3,0.0
,7.0,0.9400000000000001,0.6500000000000001,0.32,0.02
,33.0,1.0,0.48999999999999994,0.26999999999999996,0.42000000000000004
,3.0,1.0,0.25000000000000006,0.6599999999999999,0.0
,44.0,0.9400000000000001,0.82,0.04,0.27
,6.0,0.84,0.72,0.38000000000000006,0.0
,8.0,0.8,0.6799999999999999,0.22999999999999998,0.03
,38.0,0.98,0.7,0.11000000000000001,0.33
,9.0,0.78,0.72,0.27,0.01
,40.0,0.9,0.72,0.12000000000000002,0.35000000000000003
,6.0,0.88,0.56,0.45999999999999996,0.0
,6.0,0.98,0.54,0.48999999999999994,0.0
,39.0,0.98,0.58,0.18,0.43
,7.0,0.92,0.7400000000000001,0.27999999999999997,0.01
,34.0,1.0,0.53,0.22999999999999998,0.37999999999999995
,7.0,0.86,0.75,0.39,0.0
,35.0,0.96,0.5900000000000001,0.2,0.30999999999999994
,40.0,0.98,0.7100000000000001,0.06,0.39
,10.0,0.76,0.77,0.4,0.0
,10.0,0.74,0.8400000000000001,0.21000000000000002,0.0
,6.0,0.96,0.66,0.39,0.0
,39.0,0.92,0.5199999999999999,0.26999999999999996,0.41
,8.0,0.92,0.41000000000000003,0.5799999999999998,0.07999999999999999
,10.0,0.78,0.73,0.39999999999999997,0.0
,41.0,0.9,0.7299999999999999,0.09,0.24
,8.0,0.9400000000000001,0.5699999999999998,0.5,0.05
,35.0,1.0,0.5599999999999999,0.17,0.38999999999999996
,41.0,0.98,0.5800000000000001,0.2,0.37
,45.0,0.9400000000000001,0.6599999999999999,0.15,0.39
,36.0,0.96,0.69,0.1,0.36
,8.0,0.8200000000000001,0.76,0.25,0.01
,7.0,0.98,0.56,0.35000000000000003,0.05
,42.0,0.9,0.85,0.05,0.26000000000000006
,42.0,0.98,0.59,0.18,0.38
,40.0,0.92,0.65,0.12,0.32999999999999996
,43.0,0.9,0.86,0.04,0.29
,7.0,0.96,0.5700000000000001,0.45999999999999996,0.030000000000000006
,6.0,0.9,0.6799999999999999,0.36,0.0
,7.0,0.88,0.5800000000000001,0.45,0.06999999999999999
,37.0,0.96,0.71,0.10999999999999999,0.28
,43.0,0.98,0.72,0.13,0.34
,46.0,0.9400000000000001,0.8200000000000001,0.06999999999999999,0.43
,9.0,0.9400000000000001,0.72,0.31000000000000005,0.030000000000000006
,9.0,0.92,0.53,0.3,0.11000000000000001
,41.0,0.92,0.9,0.06,0.18000000000000002
,4.0,1.0,0.6799999999999999,0.33,0.0
,44.0,0.9,0.8100000000000002,0.06999999999999999,0.35
,7.0,0.84,0.7500000000000002,0.32999999999999996,0.0
,44.0,0.98,0.72,0.04,0.37
,36.0,1.0,0.5800000000000001,0.17,0.38
,37.0,1.0,0.67,0.11000000000000001,0.37999999999999995
,8.0,0.96,0.6700000000000002,0.29,0.030000000000000006
,9.0,0.8200000000000001,0.77,0.17000000000000004,0.02
,45.0,0.98,0.7,0.05,0.39
,38.0,0.96,0.75,0.08,0.31
,11.0,0.78,0.9,0.27,0.0
,8.0,0.88,0.71,0.38,0.01
,10.0,0.9400000000000001,0.5399999999999999,0.4,0.1
,11.0,0.76,0.78,0.13,0.0
,38.0,1.0,0.4699999999999999,0.24,0.38999999999999996
,39.0,1.0,0.6500000000000001,0.1,0.43
,9.0,0.8,0.8300000000000001,0.15,0.0
,40.0,1.0,0.6300000000000001,0.15000000000000002,0.38
,8.0,0.86,0.7200000000000001,0.41999999999999993,0.0
,8.0,0.84,0.6499999999999999,0.45000000000000007,0.030000000000000006
,46.0,0.98,0.74,0.12,0.35000000000000003
,42.0,0.92,0.8099999999999999,0.1,0.32999999999999996
,8.0,0.98,0.67,0.35,0.030000000000000006
,47.0,0.98,0.76,0.09000000000000001,0.36
,9.0,0.96,0.59,0.32999999999999996,0.08
,5.0,1.0,0.5,0.35,0.0
,41.0,1.0,0.62,0.14,0.38
,42.0,1.0,0.6300000000000001,0.13999999999999999,0.4600000000000001
,39.0,0.96,0.5900000000000001,0.14,0.35
,11.0,0.9400000000000001,0.59,0.25999999999999995,0.15
,43.0,0.92,0.78,0.09000000000000001,0.36
,10.0,0.96,0.48,0.5099999999999999,0.12
,7.0,0.9,0.6300000000000001,0.26000000000000006,0.05
,10.0,0.8200000000000001,0.6900000000000001,0.2,0.030000000000000006
,9.0,0.88,0.61,0.45,0.04
,12.0,0.9400000000000001,0.39999999999999997,0.4699999999999999,0.31
,43.0,1.0,0.5900000000000001,0.13,0.35999999999999993
,48.0,0.98,0.62,0.16999999999999998,0.47000000000000003
,10.0,0.92,0.67,0.28,0.05
,9.0,0.84,0.7,0.26,0.04
,13.0,0.9400000000000001,0.41000000000000003,0.33999999999999997,0.2799999999999999
,44.0,1.0,0.56,0.18,0.45
,12.0,0.78,0.8799999999999999,0.22000000000000003,0.0
,14.0,0.9400000000000001,0.4299999999999999,0.41,0.32999999999999996
,11.0,0.96,0.63,0.27,0.16
,44.0,0.92,0.7100000000000001,0.15,0.37
,40.0,0.96,0.62,0.16999999999999998,0.36
,11.0,0.92,0.4600000000000001,0.36,0.24999999999999994
,6.0,1.0,0.45999999999999996,0.55,0.0
,45.0,1.0,0.7500000000000001,0.08,0.30999999999999994
,15.0,0.9400000000000001,0.52,0.39999999999999997,0.35
,10.0,0.8,0.78,0.23000000000000004,0.0
,46.0,1.0,0.6799999999999999,0.09999999999999999,0.38
,12.0,0.96,0.41,0.36999999999999994,0.27
,16.0,0.9400000000000001,0.44000000000000006,0.31999999999999995,0.32999999999999996
,17.0,0.9400000000000001,0.5,0.32999999999999996,0.2899999999999999
,45.0,0.92,0.71,0.06999999999999999,0.38
,9.0,0.98,0.7100000000000001,0.21000000000000005,0.030000000000000006
,41.0,0.96,0.79,0.1,0.30999999999999994
,9.0,0.86,0.7300000000000001,0.3100000000000001,0.01
,10.0,0.88,0.71,0.28,0.04
,18.0,0.9400000000000001,0.5,0.35999999999999993,0.35999999999999993
,42.0,0.96,0.7300000000000001,0.16,0.44000000000000006
,11.0,0.8200000000000001,0.8,0.16999999999999998,0.03
,12.0,0.92,0.44000000000000006,0.36999999999999994,0.26000000000000006
,47.0,1.0,0.6699999999999999,0.13999999999999999,0.39
,10.0,0.84,0.74,0.26,0.030000000000000006
,8.0,0.9,0.6799999999999999,0.33,0.06999999999999999
,19.0,0.9400000000000001,0.55,0.33999999999999997,0.37999999999999995
,13.0,0.96,0.41,0.3499999999999999,0.26
,7.0,1.0,0.5700000000000001,0.36,0.05
,43.0,0.96,0.67,0.14,0.43
,20.0,0.9400000000000001,0.53,0.28,0.3400000000000001
,13.0,0.92,0.44000000000000006,0.33999999999999997,0.33999999999999997
,48.0,1.0,0.5999999999999999,0.21000000000000002,0.48
,11.0,0.8,0.7400000000000001,0.35,0.03
,10.0,0.98,0.7100000000000001,0.22000000000000003,0.06999999999999999
,44.0,0.96,0.5900000000000001,0.17,0.41999999999999993
,9.0,0.9,0.5700000000000001,0.35,0.05
,49.0,1.0,0.7,0.1,0.41999999999999993
,11.0,0.84,0.7,0.34,0.02
,14.0,0.96,0.53,0.37,0.22000000000000003
,15.0,0.96,0.41,0.39999999999999997,0.33
,10.0,0.86,0.7899999999999999,0.18000000000000002,0.01
,14.0,0.92,0.5300000000000001,0.36,0.26999999999999996
,11.0,0.88,0.73,0.32,0.04
,8.0,1.0,0.6500000000000001,0.3,0.05
,12.0,0.8200000000000001,0.86,0.26999999999999996,0.0
,45.0,0.96,0.7100000000000001,0.13,0.38
,12.0,0.84,0.45,0.33999999999999997,0.3
,11.0,0.98,0.5399999999999999,0.32999999999999996,0.16
,12.0,0.98,0.41,0.41,0.2899999999999999
,16.0,0.96,0.47000000000000003,0.38999999999999996,0.29
,13.0,0.84,0.51,0.35,0.33999999999999997
,13.0,0.8200000000000001,0.58,0.29,0.3
,17.0,0.96,0.43,0.36,0.32999999999999996
,15.0,0.92,0.5000000000000001,0.30999999999999994,0.29999999999999993
,12.0,0.88,0.4600000000000001,0.31999999999999995,0.27999999999999997
,13.0,0.98,0.42000000000000004,0.41,0.31
,46.0,0.96,0.7,0.12999999999999998,0.36999999999999994
,14.0,0.84,0.5499999999999999,0.33999999999999997,0.36
,16.0,0.92,0.4800000000000001,0.33999999999999997,0.32999999999999996
,17.0,0.92,0.47000000000000003,0.31,0.32999999999999996
,18.0,0.92,0.5499999999999999,0.32999999999999996,0.36
,14.0,0.8200000000000001,0.6799999999999999,0.23000000000000004,0.22000000000000006
,10.0,0.9,0.7200000000000001,0.33999999999999997,0.01
,12.0,0.8,0.71,0.22000000000000003,0.03
,14.0,0.98,0.48,0.41,0.29
,18.0,0.96,0.57,0.3,0.30999999999999994
,13.0,0.88,0.45000000000000007,0.39999999999999997,0.33999999999999997
,9.0,1.0,0.7,0.32,0.03
,19.0,0.92,0.5800000000000001,0.27,0.29
,11.0,0.86,0.72,0.26,0.06
,47.0,0.96,0.6,0.25,0.43000000000000005
,15.0,0.84,0.6599999999999999,0.31,0.32999999999999996
,13.0,0.8,0.6500000000000001,0.27999999999999997,0.29999999999999993
,19.0,0.96,0.54,0.35,0.37
,20.0,0.96,0.59,0.36999999999999994,0.38999999999999996
,21.0,0.96,0.57,0.36,0.37
,10.0,1.0,0.47000000000000003,0.36,0.08
,12.0,0.86,0.62,0.31,0.24
,15.0,0.98,0.51,0.41,0.25999999999999995
,14.0,0.88,0.5399999999999999,0.41,0.31999999999999995
,13.0,0.86,0.55,0.36,0.32999999999999996
,16.0,0.98,0.47000000000000003,0.33,0.27999999999999997
,14.0,0.86,0.5700000000000001,0.3499999999999999,0.31999999999999995
,11.0,0.9,0.8300000000000001,0.13000000000000003,0.03
,17.0,0.98,0.45999999999999996,0.37,0.29999999999999993
,18.0,0.98,0.4299999999999999,0.37999999999999995,0.35999999999999993
,11.0,1.0,0.48999999999999994,0.36,0.22000000000000003
,15.0,0.88,0.5199999999999999,0.31999999999999995,0.30999999999999994
,16.0,0.88,0.58,0.32999999999999996,0.36
,17.0,0.88,0.55,0.31,0.39999999999999997
,12.0,0.9,0.37999999999999995,0.43,0.32999999999999996
,19.0,0.98,0.4499999999999999,0.33999999999999997,0.33999999999999997
,15.0,0.86,0.6299999999999999,0.31,0.32999999999999996
,16.0,0.86,0.65,0.21000000000000002,0.32999999999999996
,12.0,1.0,0.51,0.37,0.24
,20.0,0.98,0.47000000000000003,0.33999999999999997,0.33999999999999997
,13.0,0.9,0.44000000000000006,0.38,0.35999999999999993
,13.0,1.0,0.45999999999999996,0.43,0.27
,14.0,0.9,0.55,0.27,0.25
,21.0,0.98,0.51,0.36999999999999994,0.38999999999999996
,22.0,0.98,0.54,0.32999999999999996,0.37999999999999995
,15.0,0.9,0.54,0.35,0.30999999999999994
,16.0,0.9,0.51,0.3499999999999999,0.35999999999999993
,17.0,0.9,0.54,0.31,0.35
,18.0,0.9,0.59,0.26,0.37
,14.0,1.0,0.44000000000000006,0.4600000000000001,0.31
,15.0,1.0,0.37999999999999995,0.37999999999999995,0.31999999999999995
,16.0,1.0,0.52,0.39,0.25
,17.0,1.0,0.45,0.35,0.32
,18.0,1.0,0.41,0.43999999999999995,0.37
,19.0,1.0,0.41999999999999993,0.37999999999999995,0.31999999999999995
,20.0,1.0,0.43999999999999995,0.38,0.33999999999999997
,21.0,1.0,0.5,0.38999999999999996,0.38
,22.0,1.0,0.51,0.33999999999999997,0.29999999999999993
,23.0,1.0,0.4699999999999999,0.34,0.32999999999999996
