alpha,mu,participation,promote,oppose
0.0,0.0,0.0,0.7,0.0
0.0,25.0,1.0,0.0,0.0
0.02,49.0,1.0,0.0,0.13
0.04,48.0,1.0,0.0,0.13
0.0,50.0,1.0,0.0,0.13
0.1,20.0,1.0,0.0,0.0
0.04,23.0,1.0,0.0,0.0
0.1,45.0,1.0,0.0,0.13
0.06,22.0,1.0,0.0,0.0
0.12,19.0,1.0,0.0,0.0
0.08,46.0,1.0,0.0,0.13
0.02,50.0,1.0,0.0,0.13
0.02,24.0,1.0,0.0,0.0
0.0,1.0,0.0,0.73,0.0
0.06,47.0,1.0,0.0,0.13
0.12,44.0,1.0,0.0,0.13
0.04,49.0,1.0,0.0,0.13
0.04,24.0,1.0,0.0,0.0
0.1,46.0,1.0,0.0,0.13
0.0,26.0,1.0,0.0,0.0
0.08,21.0,1.0,0.0,0.0
0.02,0.0,0.0,0.73,0.0
0.16,17.0,1.0,0.0,0.0
0.12,20.0,1.0,0.0,0.0
0.16,42.0,1.0,0.0,0.13
0.04,0.0,0.0,0.69,0.0
0.1,21.0,1.0,0.0,0.0
0.18,16.0,1.0,0.0,0.0
0.06,23.0,1.0,0.0,0.0
0.06,48.0,1.0,0.0,0.13
0.0,2.0,0.0,0.64,0.0
0.08,47.0,1.0,0.0,0.13
0.1,47.0,1.0,0.0,0.2
0.08,22.0,1.0,0.0,0.0
0.12,45.0,1.0,0.0,0.13
0.04,50.0,1.0,0.0,0.2
0.14,43.0,1.0,0.0,0.13
0.04,25.0,1.0,0.0,0.0
0.02,25.0,1.0,0.0,0.0
0.18,41.0,1.0,0.0,0.13
0.14,18.0,1.0,0.0,0.0
0.02,1.0,0.0,0.5800000000000001,0.0
0.2,40.0,1.0,0.0,0.13
0.0,27.0,1.0,0.0,0.0
0.16,18.0,1.0,0.0,0.0
0.22,14.0,1.0,0.0,0.0
0.04,1.0,0.0,0.73,0.0
0.12,21.0,1.0,0.0,0.0
0.06,49.0,1.0,0.0,0.2
0.16,43.0,1.0,0.0,0.13
0.18,17.0,1.0,0.0,0.0
0.12,46.0,1.0,0.0,0.2
0.08,23.0,1.0,0.0,0.0
0.04,26.0,1.0,0.0,0.0
0.2,15.0,1.0,0.0,0.0
0.06,24.0,1.0,0.0,0.0
0.06,0.0,0.0,0.6799999999999999,0.0
0.08,48.0,1.0,0.0,0.2
0.18,42.0,1.0,0.0,0.13
0.14,44.0,1.0,0.0,0.13
0.04,2.0,0.0,0.62,0.0
0.02,2.0,0.0,0.65,0.0
0.22,39.0,1.0,0.0,0.13
0.1,22.0,1.0,0.0,0.0
0.1,48.0,1.0,0.0,0.09
0.14,19.0,1.0,0.0,0.0
0.2,41.0,1.0,0.0,0.13
0.0,3.0,0.0,0.7299999999999999,0.0
0.02,26.0,1.0,0.0,0.0
0.24,13.0,1.0,0.0,0.0
0.22,15.0,1.0,0.0,0.0
0.0,28.0,1.0,0.0,0.0
0.04,27.0,1.0,0.0,0.0
0.04,3.0,0.0,0.74,0.0
0.06,25.0,1.0,0.0,0.0
0.16,44.0,1.0,0.0,0.2
0.0,4.0,0.0,0.67,0.0
0.08,49.0,1.0,0.0,0.09
0.12,22.0,1.0,0.0,0.0
0.12,47.0,1.0,0.0,0.09
0.02,3.0,0.0,0.74,0.0
0.2,42.0,1.0,0.0,0.2
0.18,18.0,1.0,0.0,0.0
0.16,19.0,1.0,0.0,0.0
0.06,50.0,1.0,0.0,0.09
0.18,43.0,1.0,0.0,0.2
0.06,1.0,0.0,0.6900000000000001,0.0
0.2,16.0,1.0,0.0,0.0
0.14,20.0,1.0,0.0,0.0
0.08,24.0,1.0,0.0,0.0
0.22,40.0,1.0,0.0,0.13
0.24,14.0,1.0,0.0,0.0
0.14,45.0,1.0,0.0,0.2
0.1,49.0,1.0,0.0,0.1
0.08,50.0,1.0,0.0,0.1
0.0,5.0,0.09999999999999999,0.6900000000000001,0.0
0.22,16.0,1.0,0.0,0.0
0.02,27.0,1.0,0.0,0.0
0.1,23.0,1.0,0.0,0.0
0.02,4.0,0.09999999999999999,0.6599999999999999,0.0
0.04,4.0,0.09999999999999999,0.71,0.0
0.12,23.0,1.0,0.0,0.0
0.0,29.0,1.0,0.0,0.0
0.16,45.0,1.0,0.0,0.09
0.0,6.0,0.5,0.7100000000000001,0.0
0.2,17.0,1.0,0.0,0.0
0.04,28.0,1.0,0.0,0.0
0.12,48.0,1.0,0.0,0.1
0.06,2.0,0.0,0.74,0.0
0.16,20.0,1.0,0.0,0.0
0.1,0.0,0.0,0.73,0.0
0.18,19.0,1.0,0.0,0.0
0.18,44.0,1.0,0.0,0.09
0.2,43.0,1.0,0.0,0.09
0.06,26.0,1.0,0.0,0.0
0.22,17.0,1.0,0.0,0.0
0.14,21.0,1.0,0.0,0.0
0.22,41.0,1.0,0.0,0.2
0.14,46.0,1.0,0.0,0.09
0.08,25.0,1.0,0.0,0.0
0.08,0.0,0.0,0.68,0.0
0.02,28.0,1.0,0.0,0.0
0.24,15.0,1.0,0.0,0.0
0.1,24.0,1.0,0.0,0.0
0.02,5.0,0.19999999999999998,0.75,0.0
0.1,50.0,1.0,0.0,0.06
0.06,3.0,0.0,0.7,0.0
0.12,24.0,1.0,0.0,0.0
0.0,30.0,1.0,0.0,0.0
0.1,1.0,0.0,0.69,0.0
0.04,5.0,0.25000000000000006,0.72,0.0
0.16,46.0,1.0,0.0,0.1
0.0,7.0,1.0,0.0,0.0
0.16,21.0,1.0,0.0,0.0
0.2,18.0,1.0,0.0,0.0
0.18,20.0,1.0,0.0,0.0
0.04,29.0,1.0,0.0,0.0
0.18,45.0,1.0,0.0,0.1
0.08,1.0,0.0,0.75,0.0
0.22,18.0,1.0,0.0,0.0
0.12,49.0,1.0,0.0,0.06
0.06,4.0,0.09999999999999999,0.74,0.0
0.14,22.0,1.0,0.0,0.0
0.2,44.0,1.0,0.0,0.1
0.12,0.0,0.0,0.6399999999999999,0.0
0.08,26.0,1.0,0.0,0.0
0.24,16.0,1.0,0.0,0.0
0.06,27.0,1.0,0.0,0.0
0.22,42.0,1.0,0.0,0.09
0.02,29.0,1.0,0.0,0.0
0.12,25.0,1.0,0.0,0.0
0.1,2.0,0.0,0.67,0.0
0.0,31.0,1.0,0.0,0.06999999999999999
0.08,2.0,0.0,0.7500000000000001,0.0
0.0,8.0,1.0,0.0,0.0
0.2,19.0,1.0,0.0,0.0
0.16,22.0,1.0,0.0,0.0
0.18,46.0,1.0,0.0,0.06
0.16,47.0,1.0,0.0,0.06
0.22,19.0,1.0,0.0,0.0
0.06,5.0,0.30999999999999994,0.6599999999999999,0.0
0.24,17.0,1.0,0.0,0.0
0.14,23.0,1.0,0.0,0.0
0.08,27.0,1.0,0.0,0.0
0.04,30.0,1.0,0.0,0.0
0.12,50.0,1.0,0.0,0.06999999999999999
0.2,45.0,1.0,0.0,0.06
0.06,28.0,1.0,0.0,0.0
0.22,43.0,1.0,0.0,0.1
0.1,25.0,1.0,0.0,0.0
0.02,30.0,1.0,0.0,0.0
0.1,3.0,0.01,0.6799999999999999,0.0
0.12,26.0,1.0,0.0,0.0
0.18,21.0,1.0,0.0,0.0
0.0,32.0,1.0,0.0,0.12000000000000002
0.14,47.0,1.0,0.0,0.1
0.08,3.0,0.0,0.6900000000000001,0.0
0.0,9.0,1.0,0.0,0.0
0.2,20.0,1.0,0.0,0.0
0.16,23.0,1.0,0.0,0.0
0.18,47.0,1.0,0.0,0.06999999999999999
0.22,20.0,1.0,0.0,0.0
0.24,18.0,1.0,0.0,0.0
0.14,0.0,0.0,0.7,0.0
0.14,24.0,1.0,0.0,0.0
0.08,28.0,1.0,0.0,0.0
0.16,48.0,1.0,0.0,0.06999999999999999
0.04,31.0,1.0,0.0,0.13999999999999999
0.1,4.0,0.17,0.76,0.0
0.2,46.0,1.0,0.0,0.06999999999999999
0.06,29.0,1.0,0.0,0.0
0.22,44.0,1.0,0.0,0.06
0.08,4.0,0.11000000000000001,0.7000000000000001,0.0
0.12,27.0,1.0,0.0,0.0
0.02,31.0,1.0,0.0,0.12000000000000002
0.1,26.0,1.0,0.0,0.0
0.18,22.0,1.0,0.0,0.0
0.14,48.0,1.0,0.0,0.06
0.0,10.0,1.0,0.0,0.0
0.2,21.0,1.0,0.0,0.0
0.14,1.0,0.0,0.7100000000000001,0.0
0.16,24.0,1.0,0.0,0.0
0.18,48.0,1.0,0.0,0.12000000000000002
0.22,21.0,1.0,0.0,0.0
0.24,19.0,1.0,0.0,0.0
0.08,29.0,1.0,0.0,0.0
0.14,25.0,1.0,0.0,0.0
0.16,49.0,1.0,0.0,0.12000000000000002
0.12,1.0,0.0,0.72,0.0
0.04,32.0,1.0,0.0,0.09999999999999999
0.2,47.0,1.0,0.0,0.12000000000000002
0.06,30.0,1.0,0.0,0.0
0.12,28.0,1.0,0.0,0.0
0.18,23.0,1.0,0.0,0.0
0.0,33.0,1.0,0.0,0.13999999999999999
0.22,45.0,1.0,0.0,0.06999999999999999
0.02,32.0,1.0,0.0,0.13999999999999999
0.1,27.0,1.0,0.0,0.0
0.14,2.0,0.0,0.7799999999999999,0.0
0.0,11.0,1.0,0.0,0.0
0.2,22.0,1.0,0.0,0.0
0.16,25.0,1.0,0.0,0.0
0.18,49.0,1.0,0.0,0.13999999999999999
0.22,22.0,1.0,0.0,0.0
0.24,20.0,1.0,0.0,0.0
0.08,30.0,1.0,0.0,0.0
0.14,26.0,1.0,0.0,0.0
0.12,2.0,0.0,0.69,0.0
0.16,50.0,1.0,0.0,0.13999999999999999
0.04,33.0,1.0,0.0,0.08
0.14,49.0,1.0,0.0,0.06999999999999999
0.18,24.0,1.0,0.0,0.0
0.0,34.0,1.0,0.0,0.09999999999999999
0.2,48.0,1.0,0.0,0.13999999999999999
0.14,3.0,0.05,0.7200000000000001,0.0
0.12,29.0,1.0,0.0,0.0
0.22,46.0,1.0,0.0,0.12000000000000002
0.0,12.0,1.0,0.0,0.0
0.2,23.0,1.0,0.0,0.0
0.1,28.0,1.0,0.0,0.0
0.16,26.0,1.0,0.0,0.0
0.02,33.0,1.0,0.0,0.09999999999999999
0.18,50.0,1.0,0.0,0.09999999999999999
0.22,23.0,1.0,0.0,0.0
0.24,21.0,1.0,0.0,0.0
0.08,31.0,1.0,0.0,0.08
0.14,27.0,1.0,0.0,0.0
0.18,0.0,0.0,0.7000000000000001,0.0
0.14,50.0,1.0,0.0,0.12000000000000002
0.18,25.0,1.0,0.0,0.0
0.0,35.0,1.0,0.0,0.08
0.04,34.0,1.0,0.0,0.05
0.2,0.0,0.0,0.6799999999999999,0.0
0.2,49.0,1.0,0.0,0.09999999999999999
0.0,13.0,1.0,0.0,0.0
0.2,24.0,1.0,0.0,0.0
0.12,30.0,1.0,0.0,0.0
0.16,27.0,1.0,0.0,0.0
0.22,47.0,1.0,0.0,0.13999999999999999
0.06,31.0,1.0,0.0,0.09999999999999999
0.24,22.0,1.0,0.0,0.0
0.08,32.0,1.0,0.0,0.05
0.1,29.0,1.0,0.0,0.0
0.14,28.0,1.0,0.0,0.0
0.02,34.0,1.0,0.0,0.08
0.18,1.0,0.0,0.72,0.0
0.16,0.0,0.0,0.75,0.0
0.2,1.0,0.0,0.62,0.0
0.18,26.0,1.0,0.0,0.0
0.0,36.0,1.0,0.0,0.05
0.0,14.0,1.0,0.0,0.0
0.04,35.0,1.0,0.0,0.09
0.2,25.0,1.0,0.0,0.0
0.2,50.0,1.0,0.0,0.08
0.12,3.0,0.06,0.7499999999999999,0.0
0.16,28.0,1.0,0.0,0.0
0.22,24.0,1.0,0.0,0.0
0.24,23.0,1.0,0.0,0.0
0.08,33.0,1.0,0.0,0.09
0.18,2.0,0.0,0.64,0.0
0.12,31.0,1.0,0.0,0.09
0.14,29.0,1.0,0.0,0.0
0.16,1.0,0.0,0.7799999999999999,0.0
0.22,48.0,1.0,0.0,0.09999999999999999
0.1,30.0,1.0,0.0,0.0
0.02,35.0,1.0,0.0,0.05
0.2,2.0,0.01,0.72,0.0
0.18,27.0,1.0,0.0,0.0
0.0,37.0,1.0,0.0,0.09
0.22,0.0,0.0,0.7300000000000001,0.0
0.0,15.0,1.0,0.0,0.0
0.16,2.0,0.0,0.6900000000000001,0.0
0.2,26.0,1.0,0.0,0.0
0.06,32.0,1.0,0.0,0.08
0.22,25.0,1.0,0.0,0.0
0.04,36.0,1.0,0.0,0.12
0.24,24.0,1.0,0.0,0.0
0.08,34.0,1.0,0.0,0.12
0.12,4.0,0.26000000000000006,0.7300000000000001,0.0
0.14,30.0,1.0,0.0,0.0
0.12,32.0,1.0,0.0,0.12
0.22,49.0,1.0,0.0,0.08
0.1,31.0,1.0,0.0,0.05
0.02,36.0,1.0,0.0,0.09
0.18,28.0,1.0,0.0,0.0
0.0,38.0,1.0,0.0,0.12
0.22,1.0,0.0,0.73,0.0
0.16,3.0,0.13,0.74,0.0
0.0,16.0,1.0,0.0,0.0
0.2,27.0,1.0,0.0,0.0
0.06,33.0,1.0,0.0,0.05
0.16,29.0,1.0,0.0,0.0
0.08,35.0,1.0,0.0,0.12999999999999998
0.24,25.0,1.0,0.0,0.0
0.14,31.0,1.0,0.0,0.12
0.04,37.0,1.0,0.0,0.12999999999999998
0.12,33.0,1.0,0.0,0.12999999999999998
0.22,50.0,1.0,0.0,0.05
0.1,32.0,1.0,0.0,0.09
0.18,29.0,1.0,0.0,0.0
0.02,37.0,1.0,0.0,0.12
0.0,39.0,1.0,0.0,0.12999999999999998
0.0,17.0,1.0,0.0,0.0
0.2,28.0,1.0,0.0,0.0
0.06,34.0,1.0,0.0,0.09
0.22,26.0,1.0,0.0,0.0
0.08,36.0,1.0,0.0,0.1
0.24,26.0,1.0,0.0,0.0
0.14,32.0,1.0,0.0,0.12999999999999998
0.04,38.0,1.0,0.0,0.1
0.24,0.0,0.0,0.72,0.0
0.12,34.0,1.0,0.0,0.1
0.18,30.0,1.0,0.0,0.0
0.1,33.0,1.0,0.0,0.12
0.0,40.0,1.0,0.0,0.1
0.02,38.0,1.0,0.0,0.12999999999999998
0.0,18.0,1.0,0.0,0.0
0.2,29.0,1.0,0.0,0.0
0.16,30.0,1.0,0.0,0.0
0.06,35.0,1.0,0.0,0.12
0.08,37.0,1.0,0.0,0.09
0.24,27.0,1.0,0.0,0.0
0.14,33.0,1.0,0.0,0.1
0.24,1.0,0.0,0.6799999999999999,0.0
0.04,39.0,1.0,0.0,0.09
0.12,35.0,1.0,0.0,0.09
0.18,31.0,1.0,0.0,0.1
0.1,34.0,1.0,0.0,0.12999999999999998
0.0,41.0,1.0,0.0,0.09
0.02,39.0,1.0,0.0,0.1
0.0,19.0,1.0,0.0,0.0
0.2,30.0,1.0,0.0,0.0
0.22,27.0,1.0,0.0,0.0
0.24,2.0,0.1,0.6900000000000001,0.0
0.06,36.0,1.0,0.0,0.12999999999999998
0.08,38.0,1.0,0.0,0.14
0.24,28.0,1.0,0.0,0.0
0.14,34.0,1.0,0.0,0.09
0.04,40.0,1.0,0.0,0.14
0.12,36.0,1.0,0.0,0.14
0.18,32.0,1.0,0.0,0.09
0.1,35.0,1.0,0.0,0.1
0.0,42.0,1.0,0.0,0.14
0.02,40.0,1.0,0.0,0.09
0.0,20.0,1.0,0.0,0.0
0.2,31.0,1.0,0.0,0.09
0.16,31.0,1.0,0.0,0.12999999999999998
0.08,39.0,1.0,0.0,0.11000000000000001
0.06,37.0,1.0,0.0,0.1
0.24,29.0,1.0,0.0,0.0
0.14,35.0,1.0,0.0,0.14
0.04,41.0,1.0,0.0,0.11000000000000001
0.12,37.0,1.0,0.0,0.11000000000000001
0.18,33.0,1.0,0.0,0.14
0.1,36.0,1.0,0.0,0.09
0.0,43.0,1.0,0.0,0.11000000000000001
0.02,41.0,1.0,0.0,0.14
0.0,21.0,1.0,0.0,0.0
0.22,28.0,1.0,0.0,0.0
0.2,32.0,1.0,0.0,0.14
0.08,40.0,1.0,0.0,0.06999999999999999
0.06,38.0,1.0,0.0,0.09
0.24,30.0,1.0,0.0,0.0
0.14,36.0,1.0,0.0,0.11000000000000001
0.04,42.0,1.0,0.0,0.06999999999999999
0.12,38.0,1.0,0.0,0.06999999999999999
0.18,34.0,1.0,0.0,0.11000000000000001
0.1,37.0,1.0,0.0,0.14
0.0,44.0,1.0,0.0,0.06999999999999999
0.02,42.0,1.0,0.0,0.11000000000000001
0.0,22.0,1.0,0.0,0.0
0.16,32.0,1.0,0.0,0.1
0.2,33.0,1.0,0.0,0.11000000000000001
0.08,41.0,1.0,0.0,0.10999999999999999
0.24,31.0,1.0,0.0,0.11000000000000001
0.14,37.0,1.0,0.0,0.06999999999999999
0.06,39.0,1.0,0.0,0.14
0.04,43.0,1.0,0.0,0.10999999999999999
0.12,39.0,1.0,0.0,0.10999999999999999
0.18,35.0,1.0,0.0,0.06999999999999999
0.1,38.0,1.0,0.0,0.11000000000000001
0.0,45.0,1.0,0.0,0.10999999999999999
0.02,43.0,1.0,0.0,0.06999999999999999
0.0,23.0,1.0,0.0,0.0
0.16,33.0,1.0,0.0,0.09
0.2,34.0,1.0,0.0,0.06999999999999999
0.08,42.0,1.0,0.0,0.06000000000000001
0.24,32.0,1.0,0.0,0.06999999999999999
0.22,29.0,1.0,0.0,0.0
0.06,40.0,1.0,0.0,0.11000000000000001
0.14,38.0,1.0,0.0,0.10999999999999999
0.04,44.0,1.0,0.0,0.06000000000000001
0.12,40.0,1.0,0.0,0.06000000000000001
0.18,36.0,1.0,0.0,0.10999999999999999
0.0,46.0,1.0,0.0,0.06000000000000001
0.1,39.0,1.0,0.0,0.06999999999999999
0.02,44.0,1.0,0.0,0.10999999999999999
0.0,24.0,1.0,0.0,0.0
0.16,34.0,1.0,0.0,0.14
0.2,35.0,1.0,0.0,0.10999999999999999
0.08,43.0,1.0,0.0,0.08
0.24,33.0,1.0,0.0,0.10999999999999999
0.06,41.0,1.0,0.0,0.06999999999999999
0.14,39.0,1.0,0.0,0.06000000000000001
0.04,45.0,1.0,0.0,0.08
0.12,41.0,1.0,0.0,0.08
0.18,37.0,1.0,0.0,0.06000000000000001
0.0,47.0,1.0,0.0,0.08
0.1,40.0,1.0,0.0,0.10999999999999999
0.02,45.0,1.0,0.0,0.06000000000000001
0.2,36.0,1.0,0.0,0.06000000000000001
0.16,35.0,1.0,0.0,0.11000000000000001
0.08,44.0,1.0,0.0,0.09
0.24,34.0,1.0,0.0,0.06000000000000001
0.06,42.0,1.0,0.0,0.10999999999999999
0.14,40.0,1.0,0.0,0.08
0.04,46.0,1.0,0.0,0.09
0.12,42.0,1.0,0.0,0.09
0.0,48.0,1.0,0.0,0.09
0.18,38.0,1.0,0.0,0.08
0.1,41.0,1.0,0.0,0.06000000000000001
0.2,37.0,1.0,0.0,0.08
0.02,46.0,1.0,0.0,0.08
0.16,36.0,1.0,0.0,0.06999999999999999
0.08,45.0,1.0,0.0,0.12
0.24,35.0,1.0,0.0,0.08
0.06,43.0,1.0,0.0,0.06000000000000001
0.14,41.0,1.0,0.0,0.09
0.04,47.0,1.0,0.0,0.12
0.12,43.0,1.0,0.0,0.12
0.22,30.0,1.0,0.0,0.0
0.18,39.0,1.0,0.0,0.09
0.0,49.0,1.0,0.0,0.12
0.1,42.0,1.0,0.0,0.08
0.2,38.0,1.0,0.0,0.09
0.02,47.0,1.0,0.0,0.09
0.16,37.0,1.0,0.0,0.10999999999999999
0.14,42.0,1.0,0.0,0.12
0.06,44.0,1.0,0.0,0.08
0.24,36.0,1.0,0.0,0.09
0.2,39.0,1.0,0.0,0.12
0.22,31.0,1.0,0.0,0.14
0.24,38.0,1.0,0.0,0.11000000000000001
0.18,40.0,1.0,0.0,0.12
0.1,43.0,1.0,0.0,0.09
0.16,38.0,1.0,0.0,0.06000000000000001
0.02,48.0,1.0,0.0,0.12
0.24,37.0,1.0,0.0,0.12
0.06,45.0,1.0,0.0,0.09
0.24,39.0,1.0,0.0,0.06999999999999999
0.22,32.0,1.0,0.0,0.11000000000000001
0.1,44.0,1.0,0.0,0.12
0.16,39.0,1.0,0.0,0.08
0.24,40.0,1.0,0.0,0.15999999999999998
0.06,46.0,1.0,0.0,0.12
0.22,33.0,1.0,0.0,0.06999999999999999
0.16,40.0,1.0,0.0,0.09
0.26,12.0,1.0,0.0,0.0
0.28,11.0,1.0,0.0,0.0
0.24,41.0,1.0,0.0,0.11000000000000001
0.28,36.0,1.0,0.0,0.09
0.16,41.0,1.0,0.0,0.12
0.22,34.0,1.0,0.0,0.10999999999999999
0.26,37.0,1.0,0.0,0.09
0.28,12.0,1.0,0.0,0.0
0.3,10.0,1.0,0.0,0.0
0.26,13.0,1.0,0.0,0.0
0.28,37.0,1.0,0.0,0.15000000000000002
0.34,8.0,1.0,0.0,0.0
0.32,9.0,1.0,0.0,0.0
0.3,35.0,1.0,0.0,0.09
0.24,42.0,1.0,0.0,0.10999999999999999
0.22,35.0,1.0,0.0,0.06000000000000001
0.26,38.0,1.0,0.0,0.15000000000000002
0.28,13.0,1.0,0.0,0.0
0.32,34.0,1.0,0.0,0.09
0.22,36.0,1.0,0.0,0.08
0.26,14.0,1.0,0.0,0.0
0.3,11.0,1.0,0.0,0.0
0.3,36.0,1.0,0.0,0.15000000000000002
0.24,43.0,1.0,0.0,0.07999999999999999
0.28,38.0,1.0,0.0,0.1
0.32,10.0,1.0,0.0,0.0
0.34,9.0,1.0,0.0,0.0
0.34,33.0,1.0,0.0,0.09
0.26,39.0,1.0,0.0,0.1
0.28,14.0,1.0,0.0,0.0
0.26,15.0,1.0,0.0,0.0
0.22,37.0,1.0,0.0,0.09
0.28,39.0,1.0,0.0,0.1
0.32,35.0,1.0,0.0,0.15000000000000002
0.34,10.0,1.0,0.0,0.0
0.3,37.0,1.0,0.0,0.1
0.24,44.0,1.0,0.0,0.11000000000000001
0.3,12.0,1.0,0.0,0.0
0.32,11.0,1.0,0.0,0.0
0.34,34.0,1.0,0.0,0.15000000000000002
0.36,7.0,1.0,0.0,0.0
0.26,40.0,1.0,0.0,0.1
0.28,15.0,1.0,0.0,0.0
0.26,16.0,1.0,0.0,0.0
0.22,38.0,1.0,0.0,0.12
0.28,40.0,1.0,0.0,0.11000000000000001
0.32,36.0,1.0,0.0,0.1
0.3,38.0,1.0,0.0,0.1
0.3,13.0,1.0,0.0,0.0
0.24,45.0,1.0,0.0,0.08
0.32,12.0,1.0,0.0,0.0
0.34,35.0,1.0,0.0,0.1
0.36,8.0,1.0,0.0,0.0
0.26,41.0,1.0,0.0,0.11000000000000001
0.28,16.0,1.0,0.0,0.0
0.26,17.0,1.0,0.0,0.0
0.28,41.0,1.0,0.0,0.08
0.34,11.0,1.0,0.0,0.0
0.32,37.0,1.0,0.0,0.1
0.3,14.0,1.0,0.0,0.0
0.36,9.0,1.0,0.0,0.0
0.24,46.0,1.0,0.0,0.09000000000000001
0.32,13.0,1.0,0.0,0.0
0.34,36.0,1.0,0.0,0.1
0.26,18.0,1.0,0.0,0.0
0.26,42.0,1.0,0.0,0.08
0.28,17.0,1.0,0.0,0.0
0.28,42.0,1.0,0.0,0.08
0.34,12.0,1.0,0.0,0.0
0.32,38.0,1.0,0.0,0.11000000000000001
0.3,15.0,1.0,0.0,0.0
0.3,39.0,1.0,0.0,0.11000000000000001
0.36,10.0,1.0,0.0,0.0
0.32,14.0,1.0,0.0,0.0
0.24,47.0,1.0,0.0,0.08
0.34,37.0,1.0,0.0,0.11000000000000001
0.26,19.0,1.0,0.0,0.0
0.28,43.0,1.0,0.0,0.10000000000000002
0.32,39.0,1.0,0.0,0.08
0.26,43.0,1.0,0.0,0.08
0.34,13.0,1.0,0.0,0.0
0.36,11.0,1.0,0.0,0.0
0.3,16.0,1.0,0.0,0.0
0.3,40.0,1.0,0.0,0.08
0.32,15.0,1.0,0.0,0.0
0.34,38.0,1.0,0.0,0.08
0.26,20.0,1.0,0.0,0.0
0.32,40.0,1.0,0.0,0.08
0.3,17.0,1.0,0.0,0.0
0.24,48.0,1.0,0.0,0.12
0.36,12.0,1.0,0.0,0.0
0.28,18.0,1.0,0.0,0.0
0.26,44.0,1.0,0.0,0.10000000000000002
0.3,41.0,1.0,0.0,0.08
0.34,14.0,1.0,0.0,0.0
0.28,44.0,1.0,0.0,0.09
0.32,16.0,1.0,0.0,0.0
0.26,21.0,1.0,0.0,0.0
0.34,39.0,1.0,0.0,0.08
0.32,41.0,1.0,0.0,0.10000000000000002
0.3,18.0,1.0,0.0,0.0
0.24,49.0,1.0,0.0,0.1
0.36,13.0,1.0,0.0,0.0
0.26,45.0,1.0,0.0,0.09
0.28,19.0,1.0,0.0,0.0
0.36,32.0,1.0,0.0,0.09
0.28,45.0,1.0,0.0,0.07999999999999999
0.32,17.0,1.0,0.0,0.0
0.26,22.0,1.0,0.0,0.0
0.34,40.0,1.0,0.0,0.10000000000000002
0.32,42.0,1.0,0.0,0.09
0.3,19.0,1.0,0.0,0.0
0.36,14.0,1.0,0.0,0.0
0.26,46.0,1.0,0.0,0.07999999999999999
0.24,50.0,1.0,0.0,0.1
0.3,42.0,1.0,0.0,0.10000000000000002
0.36,33.0,1.0,0.0,0.15000000000000002
0.28,46.0,1.0,0.0,0.13
0.26,23.0,1.0,0.0,0.0
0.32,18.0,1.0,0.0,0.0
0.26,0.0,0.0,0.6699999999999999,0.0
0.34,41.0,1.0,0.0,0.09
0.32,43.0,1.0,0.0,0.07999999999999999
0.3,20.0,1.0,0.0,0.0
0.36,15.0,1.0,0.0,0.0
0.26,47.0,1.0,0.0,0.13
0.3,43.0,1.0,0.0,0.09
0.34,15.0,1.0,0.0,0.0
0.26,1.0,0.0,0.67,0.0
0.28,47.0,1.0,0.0,0.07999999999999999
0.26,24.0,1.0,0.0,0.0
0.32,19.0,1.0,0.0,0.0
0.34,42.0,1.0,0.0,0.07999999999999999
0.32,44.0,1.0,0.0,0.13
0.3,21.0,1.0,0.0,0.0
0.36,16.0,1.0,0.0,0.0
0.26,48.0,1.0,0.0,0.07999999999999999
0.28,20.0,1.0,0.0,0.0
0.34,16.0,1.0,0.0,0.0
0.36,34.0,1.0,0.0,0.1
0.28,48.0,1.0,0.0,0.14
0.26,25.0,1.0,0.0,0.0
0.32,20.0,1.0,0.0,0.0
0.34,43.0,1.0,0.0,0.13
0.32,45.0,1.0,0.0,0.07999999999999999
0.3,22.0,1.0,0.0,0.0
0.36,17.0,1.0,0.0,0.0
0.26,49.0,1.0,0.0,0.14
0.3,44.0,1.0,0.0,0.07999999999999999
0.36,35.0,1.0,0.0,0.1
0.28,49.0,1.0,0.0,0.06
0.26,26.0,1.0,0.0,0.0
0.32,21.0,1.0,0.0,0.0
0.34,44.0,1.0,0.0,0.07999999999999999
0.28,21.0,1.0,0.0,0.0
0.3,23.0,1.0,0.0,0.0
0.26,50.0,1.0,0.0,0.06
0.36,18.0,1.0,0.0,0.0
0.3,45.0,1.0,0.0,0.13
0.34,17.0,1.0,0.0,0.0
0.28,50.0,1.0,0.0,0.12999999999999998
0.26,27.0,1.0,0.0,0.0
0.28,0.0,0.0,0.71,0.0
0.32,22.0,1.0,0.0,0.0
0.34,45.0,1.0,0.0,0.14
0.32,46.0,1.0,0.0,0.14
0.3,24.0,1.0,0.0,0.0
0.36,19.0,1.0,0.0,0.0
0.36,36.0,1.0,0.0,0.11000000000000001
0.3,46.0,1.0,0.0,0.07999999999999999
0.3,0.0,0.0,0.7,0.0
0.26,28.0,1.0,0.0,0.0
0.32,23.0,1.0,0.0,0.0
0.34,46.0,1.0,0.0,0.06
0.28,22.0,1.0,0.0,0.0
0.3,25.0,1.0,0.0,0.0
0.36,20.0,1.0,0.0,0.0
0.34,18.0,1.0,0.0,0.0
0.3,47.0,1.0,0.0,0.14
0.26,29.0,1.0,0.0,0.0
0.32,24.0,1.0,0.0,0.0
0.34,47.0,1.0,0.0,0.12999999999999998
0.32,47.0,1.0,0.0,0.06
0.3,26.0,1.0,0.0,0.0
0.36,21.0,1.0,0.0,0.0
0.36,37.0,1.0,0.0,0.08
0.3,48.0,1.0,0.0,0.06
0.26,30.0,1.0,0.0,0.0
0.32,25.0,1.0,0.0,0.0
0.34,48.0,1.0,0.0,0.08
0.28,23.0,1.0,0.0,0.0
0.36,22.0,1.0,0.0,0.0
0.3,27.0,1.0,0.0,0.0
0.34,19.0,1.0,0.0,0.0
0.3,49.0,1.0,0.0,0.12999999999999998
0.26,31.0,1.0,0.0,0.10999999999999999
0.32,26.0,1.0,0.0,0.0
0.34,49.0,1.0,0.0,0.14
0.32,48.0,1.0,0.0,0.12999999999999998
0.36,23.0,1.0,0.0,0.0
0.3,28.0,1.0,0.0,0.0
0.36,38.0,1.0,0.0,0.08
0.3,50.0,1.0,0.0,0.08
0.26,32.0,1.0,0.0,0.030000000000000006
0.32,27.0,1.0,0.0,0.0
0.28,24.0,1.0,0.0,0.0
0.34,50.0,1.0,0.0,0.13
0.36,24.0,1.0,0.0,0.0
0.3,29.0,1.0,0.0,0.0
0.36,39.0,1.0,0.0,0.10000000000000002
0.34,20.0,1.0,0.0,0.0
0.26,33.0,1.0,0.0,0.08
0.32,28.0,1.0,0.0,0.0
0.32,49.0,1.0,0.0,0.08
0.36,25.0,1.0,0.0,0.0
0.3,30.0,1.0,0.0,0.0
0.36,40.0,1.0,0.0,0.09
0.26,34.0,1.0,0.0,0.07
0.32,29.0,1.0,0.0,0.0
0.28,25.0,1.0,0.0,0.0
0.36,26.0,1.0,0.0,0.0
0.3,31.0,1.0,0.0,0.08
0.36,41.0,1.0,0.0,0.07999999999999999
0.26,35.0,1.0,0.0,0.12000000000000002
0.32,30.0,1.0,0.0,0.0
0.32,50.0,1.0,0.0,0.14
0.36,27.0,1.0,0.0,0.0
0.3,32.0,1.0,0.0,0.07
0.36,42.0,1.0,0.0,0.13
0.26,36.0,1.0,0.0,0.07
0.32,31.0,1.0,0.0,0.07
0.28,26.0,1.0,0.0,0.0
0.36,28.0,1.0,0.0,0.0
0.34,21.0,1.0,0.0,0.0
0.3,33.0,1.0,0.0,0.12000000000000002
0.36,43.0,1.0,0.0,0.07999999999999999
0.32,32.0,1.0,0.0,0.12000000000000002
0.36,29.0,1.0,0.0,0.0
0.34,22.0,1.0,0.0,0.0
0.3,34.0,1.0,0.0,0.07
0.36,44.0,1.0,0.0,0.14
0.32,33.0,1.0,0.0,0.07
0.36,30.0,1.0,0.0,0.0
0.28,27.0,1.0,0.0,0.0
0.36,45.0,1.0,0.0,0.06
0.36,31.0,1.0,0.0,0.07
0.28,28.0,1.0,0.0,0.0
0.36,46.0,1.0,0.0,0.12999999999999998
0.34,23.0,1.0,0.0,0.0
0.28,29.0,1.0,0.0,0.0
0.36,47.0,1.0,0.0,0.08
0.34,24.0,1.0,0.0,0.0
0.38,31.0,1.0,0.0,0.13999999999999999
0.28,30.0,1.0,0.0,0.0
0.36,48.0,1.0,0.0,0.14
0.34,25.0,1.0,0.0,0.0
0.38,32.0,1.0,0.0,0.13
0.36,49.0,1.0,0.0,0.13
0.34,26.0,1.0,0.0,0.0
0.38,33.0,1.0,0.0,0.1
0.28,31.0,1.0,0.0,0.030000000000000006
0.34,27.0,1.0,0.0,0.0
0.36,50.0,1.0,0.0,0.09
0.38,34.0,1.0,0.0,0.09
0.28,32.0,1.0,0.0,0.08
0.34,28.0,1.0,0.0,0.0
0.4,30.0,1.0,0.0,0.0
0.38,35.0,1.0,0.0,0.09
0.28,33.0,1.0,0.0,0.07
0.4,31.0,1.0,0.0,0.13
0.38,36.0,1.0,0.0,0.09
0.28,34.0,1.0,0.0,0.12000000000000002
0.38,37.0,1.0,0.0,0.04
0.28,35.0,1.0,0.0,0.07
0.34,29.0,1.0,0.0,0.0
0.4,32.0,1.0,0.0,0.1
0.38,38.0,1.0,0.0,0.06999999999999999
0.4,33.0,1.0,0.0,0.09
0.38,39.0,1.0,0.0,0.07999999999999999
0.34,30.0,1.0,0.0,0.0
0.38,40.0,1.0,0.0,0.12
0.4,34.0,1.0,0.0,0.09
0.38,41.0,1.0,0.0,0.10999999999999999
0.34,31.0,1.0,0.0,0.12000000000000002
0.38,42.0,1.0,0.0,0.15
0.34,32.0,1.0,0.0,0.07
0.38,43.0,1.0,0.0,0.07999999999999999
0.38,44.0,1.0,0.0,0.13
0.4,35.0,1.0,0.0,0.09
0.38,45.0,1.0,0.0,0.06999999999999999
0.4,36.0,1.0,0.0,0.04
0.38,46.0,1.0,0.0,0.11000000000000001
0.42,29.0,1.0,0.0,0.0
0.38,47.0,1.0,0.0,0.08
0.42,30.0,1.0,0.0,0.0
0.38,48.0,1.0,0.0,0.09
0.38,49.0,1.0,0.0,0.14
0.4,37.0,1.0,0.0,0.06999999999999999
0.38,50.0,1.0,0.0,0.15
0.42,31.0,1.0,0.0,0.1
0.42,32.0,1.0,0.0,0.09
0.4,38.0,1.0,0.0,0.07999999999999999
0.42,33.0,1.0,0.0,0.09
0.4,39.0,1.0,0.0,0.12
0.42,34.0,1.0,0.0,0.09
0.4,40.0,1.0,0.0,0.10999999999999999
0.42,35.0,1.0,0.0,0.04
0.4,41.0,1.0,0.0,0.15
0.4,42.0,1.0,0.0,0.07999999999999999
0.42,36.0,1.0,0.0,0.06999999999999999
0.4,43.0,1.0,0.0,0.13
0.4,44.0,1.0,0.0,0.06999999999999999
0.42,37.0,1.0,0.0,0.07999999999999999
0.4,45.0,1.0,0.0,0.11000000000000001
0.4,46.0,1.0,0.0,0.08
0.4,47.0,1.0,0.0,0.09
0.4,48.0,1.0,0.0,0.14
0.42,38.0,1.0,0.0,0.12
0.4,49.0,1.0,0.0,0.15
0.42,39.0,1.0,0.0,0.10999999999999999
0.4,50.0,1.0,0.0,0.09999999999999999
0.42,40.0,1.0,0.0,0.15
0.42,41.0,1.0,0.0,0.07999999999999999
0.42,42.0,1.0,0.0,0.13
0.42,43.0,1.0,0.0,0.06999999999999999
0.42,44.0,1.0,0.0,0.11000000000000001
0.42,45.0,1.0,0.0,0.08
0.42,46.0,1.0,0.0,0.09
0.42,47.0,1.0,0.0,0.14
0.42,48.0,1.0,0.0,0.15
0.42,49.0,1.0,0.0,0.09999999999999999
0.42,50.0,1.0,0.0,0.15000000000000002
0.14,4.0,0.36,0.72,0.0
0.28,1.0,0.030000000000000006,0.63,0.0
0.18,3.0,0.22999999999999998,0.77,0.0
0.36,0.0,0.02,0.61,0.0
0.2,3.0,0.27,0.73,0.0
0.3,1.0,0.12,0.6399999999999999,0.0
0.22,2.0,0.17,0.7699999999999999,0.0
0.32,0.0,0.03,0.68,0.0
0.34,0.0,0.1,0.65,0.0
0.08,5.0,0.4999999999999999,0.72,0.0
0.24,3.0,0.36,0.5799999999999998,0.0
0.32,1.0,0.22999999999999998,0.65,0.0
0.16,4.0,0.57,0.6599999999999999,0.0
0.22,3.0,0.35000000000000003,0.6300000000000001,0.0
0.28,2.0,0.19000000000000003,0.57,0.0
0.26,2.0,0.26,0.6699999999999999,0.0
0.02,6.0,0.7200000000000001,0.43999999999999995,0.0
0.02,7.0,1.0,0.0,0.0
0.02,8.0,1.0,0.0,0.0
0.02,9.0,1.0,0.0,0.0
0.02,10.0,1.0,0.0,0.0
0.02,11.0,1.0,0.0,0.0
0.02,12.0,1.0,0.0,0.0
0.02,13.0,1.0,0.0,0.0
0.02,14.0,1.0,0.0,0.0
0.02,15.0,1.0,0.0,0.0
0.02,16.0,1.0,0.0,0.0
0.02,17.0,1.0,0.0,0.0
0.02,18.0,1.0,0.0,0.0
0.02,19.0,1.0,0.0,0.0
0.02,20.0,1.0,0.0,0.0
0.02,21.0,1.0,0.0,0.0
0.02,22.0,1.0,0.0,0.0
0.02,23.0,1.0,0.0,0.0
0.44,28.0,1.0,0.0,0.0
0.44,29.0,1.0,0.0,0.0
0.44,30.0,1.0,0.0,0.0
0.44,31.0,1.0,0.0,0.12
0.44,32.0,1.0,0.0,0.07
0.44,33.0,1.0,0.0,0.10999999999999999
0.44,34.0,1.0,0.0,0.11000000000000001
0.44,35.0,1.0,0.0,0.06
0.44,36.0,1.0,0.0,0.15
0.44,37.0,1.0,0.0,0.09
0.44,38.0,1.0,0.0,0.06
0.44,39.0,1.0,0.0,0.18000000000000002
0.44,40.0,1.0,0.0,0.15000000000000002
0.44,41.0,1.0,0.0,0.09000000000000001
0.44,42.0,1.0,0.0,0.09
0.44,43.0,1.0,0.0,0.09
0.44,44.0,1.0,0.0,0.1
0.44,45.0,1.0,0.0,0.08
0.44,46.0,1.0,0.0,0.04
0.44,47.0,1.0,0.0,0.10999999999999999
0.44,48.0,1.0,0.0,0.09
0.44,49.0,1.0,0.0,0.13
0.44,50.0,1.0,0.0,0.13999999999999999
0.3,2.0,0.37,0.5799999999999998,0.0
0.38,0.0,0.27999999999999997,0.57,0.0
0.44,0.0,0.35,0.51,0.0
0.1,5.0,0.5799999999999998,0.6,0.0
0.4,0.0,0.4400000000000001,0.5,0.0
0.04,6.0,0.76,0.29,0.0
0.04,7.0,1.0,0.0,0.0
0.04,8.0,1.0,0.0,0.0
0.04,9.0,1.0,0.0,0.0
0.04,10.0,1.0,0.0,0.0
0.04,11.0,1.0,0.0,0.0
0.04,12.0,1.0,0.0,0.0
0.04,13.0,1.0,0.0,0.0
0.04,14.0,1.0,0.0,0.0
0.04,15.0,1.0,0.0,0.0
0.04,16.0,1.0,0.0,0.0
0.04,17.0,1.0,0.0,0.0
0.04,18.0,1.0,0.0,0.0
0.04,19.0,1.0,0.0,0.0
0.04,20.0,1.0,0.0,0.0
0.04,21.0,1.0,0.0,0.0
0.04,22.0,1.0,0.0,0.0
0.18,4.0,0.6,0.5999999999999999,0.0
0.12,5.0,0.66,0.58,0.0
0.42,0.0,0.41999999999999993,0.45999999999999996,0.0
0.2,4.0,0.5700000000000001,0.47000000000000003,0.0
0.36,1.0,0.5499999999999999,0.48,0.0
0.38,6.0,0.9,0.17,0.0
0.38,7.0,1.0,0.0,0.0
0.38,8.0,1.0,0.0,0.0
0.38,9.0,1.0,0.0,0.0
0.38,10.0,1.0,0.0,0.0
0.38,11.0,1.0,0.0,0.0
0.38,12.0,1.0,0.0,0.0
0.38,13.0,1.0,0.0,0.0
0.14,5.0,0.59,0.4900000000000001,0.0
0.38,14.0,1.0,0.0,0.0
0.34,1.0,0.35000000000000003,0.59,0.0
0.38,15.0,1.0,0.0,0.0
0.42,4.0,0.82,0.29000000000000004,0.0
0.38,16.0,1.0,0.0,0.0
0.38,17.0,1.0,0.0,0.0
0.38,18.0,1.0,0.0,0.0
0.38,19.0,1.0,0.0,0.0
0.38,20.0,1.0,0.0,0.0
0.38,21.0,1.0,0.0,0.0
0.38,22.0,1.0,0.0,0.0
0.38,23.0,1.0,0.0,0.0
0.38,24.0,1.0,0.0,0.0
0.38,25.0,1.0,0.0,0.0
0.38,26.0,1.0,0.0,0.0
0.38,27.0,1.0,0.0,0.0
0.38,28.0,1.0,0.0,0.0
0.38,29.0,1.0,0.0,0.0
0.38,30.0,1.0,0.0,0.0
0.44,3.0,0.74,0.31000000000000005,0.0
0.46,27.0,1.0,0.0,0.0
0.46,28.0,1.0,0.0,0.0
0.46,29.0,1.0,0.0,0.0
0.46,30.0,1.0,0.0,0.0
0.46,31.0,1.0,0.0,0.13
0.46,32.0,1.0,0.0,0.12
0.46,33.0,1.0,0.0,0.1
0.46,34.0,1.0,0.0,0.06
0.46,35.0,1.0,0.0,0.13
0.4,5.0,0.8,0.2800000000000001,0.0
0.46,36.0,1.0,0.0,0.08
0.46,37.0,1.0,0.0,0.13999999999999999
0.46,38.0,1.0,0.0,0.10999999999999999
0.46,39.0,1.0,0.0,0.09
0.46,40.0,1.0,0.0,0.07999999999999999
0.46,41.0,1.0,0.0,0.12000000000000002
0.46,42.0,1.0,0.0,0.11000000000000001
0.46,43.0,1.0,0.0,0.11000000000000003
0.06,6.0,0.7399999999999999,0.28,0.0
0.46,44.0,1.0,0.0,0.14
0.46,45.0,1.0,0.0,0.11000000000000001
0.46,46.0,1.0,0.0,0.06
0.06,7.0,1.0,0.0,0.0
0.46,47.0,1.0,0.0,0.14
0.06,8.0,1.0,0.0,0.0
0.06,9.0,1.0,0.0,0.0
0.46,48.0,1.0,0.0,0.1
0.06,10.0,1.0,0.0,0.0
0.06,11.0,1.0,0.0,0.0
0.46,49.0,1.0,0.0,0.07
0.06,12.0,1.0,0.0,0.0
0.46,50.0,1.0,0.0,0.15000000000000002
0.06,13.0,1.0,0.0,0.0
0.06,14.0,1.0,0.0,0.0
0.06,15.0,1.0,0.0,0.0
0.06,16.0,1.0,0.0,0.0
0.06,17.0,1.0,0.0,0.0
0.06,18.0,1.0,0.0,0.0
0.06,19.0,1.0,0.0,0.0
0.06,20.0,1.0,0.0,0.0
0.06,21.0,1.0,0.0,0.0
0.32,2.0,0.5,0.5399999999999999,0.0
0.08,6.0,0.8200000000000001,0.22000000000000003,0.0
0.08,7.0,1.0,0.0,0.0
0.08,8.0,1.0,0.0,0.0
0.08,9.0,1.0,0.0,0.0
0.08,10.0,1.0,0.0,0.0
0.08,11.0,1.0,0.0,0.0
0.08,12.0,1.0,0.0,0.0
0.08,13.0,1.0,0.0,0.0
0.08,14.0,1.0,0.0,0.0
0.08,15.0,1.0,0.0,0.0
0.08,16.0,1.0,0.0,0.0
0.08,17.0,1.0,0.0,0.0
0.08,18.0,1.0,0.0,0.0
0.08,19.0,1.0,0.0,0.0
0.08,20.0,1.0,0.0,0.0
0.48,26.0,1.0,0.0,0.0
0.48,27.0,1.0,0.0,0.0
0.48,28.0,1.0,0.0,0.0
0.48,29.0,1.0,0.0,0.0
0.48,30.0,1.0,0.0,0.0
0.48,31.0,1.0,0.0,0.09
0.48,32.0,1.0,0.0,0.11000000000000001
0.48,33.0,1.0,0.0,0.07999999999999999
0.48,34.0,1.0,0.0,0.09
0.48,35.0,1.0,0.0,0.16
0.48,36.0,1.0,0.0,0.06000000000000001
0.48,37.0,1.0,0.0,0.11000000000000001
0.48,38.0,1.0,0.0,0.09999999999999999
0.48,39.0,1.0,0.0,0.06
0.48,40.0,1.0,0.0,0.07999999999999999
0.48,41.0,1.0,0.0,0.10000000000000002
0.48,42.0,1.0,0.0,0.06999999999999999
0.48,43.0,1.0,0.0,0.1
0.48,44.0,1.0,0.0,0.05
0.48,45.0,1.0,0.0,0.1
0.48,46.0,1.0,0.0,0.1
0.48,47.0,1.0,0.0,0.19000000000000003
0.48,48.0,1.0,0.0,0.07999999999999999
0.48,49.0,1.0,0.0,0.05
0.48,50.0,1.0,0.0,0.08
0.24,4.0,0.6300000000000001,0.61,0.0
0.28,3.0,0.56,0.53,0.0
0.38,1.0,0.39,0.52,0.0
0.26,3.0,0.56,0.52,0.0
0.16,5.0,0.72,0.47000000000000003,0.0
0.46,0.0,0.56,0.43999999999999995,0.0
0.22,4.0,0.6300000000000001,0.43999999999999995,0.0
0.3,3.0,0.5999999999999999,0.48999999999999994,0.0
0.4,1.0,0.55,0.4600000000000001,0.0
0.44,1.0,0.5,0.51,0.0
0.2,5.0,0.6900000000000001,0.36,0.0
0.1,6.0,0.85,0.22000000000000003,0.0
0.1,7.0,1.0,0.0,0.0
0.1,8.0,1.0,0.0,0.0
0.1,9.0,1.0,0.0,0.0
0.1,10.0,1.0,0.0,0.0
0.1,11.0,1.0,0.0,0.0
0.1,12.0,1.0,0.0,0.0
0.1,13.0,1.0,0.0,0.0
0.1,14.0,1.0,0.0,0.0
0.1,15.0,1.0,0.0,0.0
0.1,16.0,1.0,0.0,0.0
0.1,17.0,1.0,0.0,0.0
0.1,18.0,1.0,0.0,0.0
0.1,19.0,1.0,0.0,0.0
0.5,25.0,1.0,0.0,0.0
0.5,26.0,1.0,0.0,0.0
0.5,27.0,1.0,0.0,0.0
0.5,28.0,1.0,0.0,0.0
0.5,29.0,1.0,0.0,0.0
0.5,30.0,1.0,0.0,0.0
0.5,31.0,1.0,0.0,0.11000000000000001
0.5,32.0,1.0,0.0,0.08
0.5,33.0,1.0,0.0,0.09
0.5,34.0,1.0,0.0,0.13
0.5,35.0,1.0,0.0,0.08
0.5,36.0,1.0,0.0,0.10999999999999999
0.5,37.0,1.0,0.0,0.06999999999999999
0.5,38.0,1.0,0.0,0.13999999999999999
0.5,39.0,1.0,0.0,0.1
0.5,40.0,1.0,0.0,0.06999999999999999
0.5,41.0,1.0,0.0,0.18
0.5,42.0,1.0,0.0,0.15000000000000002
0.5,43.0,1.0,0.0,0.15
0.5,44.0,1.0,0.0,0.08
0.5,45.0,1.0,0.0,0.16000000000000003
0.5,46.0,1.0,0.0,0.10999999999999999
0.5,47.0,1.0,0.0,0.09999999999999999
0.5,48.0,1.0,0.0,0.17
0.5,49.0,1.0,0.0,0.10999999999999999
0.5,50.0,1.0,0.0,0.10999999999999999
0.46,2.0,0.73,0.47000000000000003,0.0
0.18,5.0,0.67,0.37,0.0
0.12,6.0,0.8800000000000001,0.21000000000000002,0.0
0.12,7.0,1.0,0.0,0.0
0.12,8.0,1.0,0.0,0.0
0.12,9.0,1.0,0.0,0.0
0.12,10.0,1.0,0.0,0.0
0.12,11.0,1.0,0.0,0.0
0.12,12.0,1.0,0.0,0.0
0.12,13.0,1.0,0.0,0.0
0.12,14.0,1.0,0.0,0.0
0.12,15.0,1.0,0.0,0.0
0.12,16.0,1.0,0.0,0.0
0.12,17.0,1.0,0.0,0.0
0.12,18.0,1.0,0.0,0.0
0.52,24.0,1.0,0.0,0.0
0.52,25.0,1.0,0.0,0.0
0.52,26.0,1.0,0.0,0.0
0.52,27.0,1.0,0.0,0.0
0.52,28.0,1.0,0.0,0.0
0.52,29.0,1.0,0.0,0.0
0.52,30.0,1.0,0.0,0.0
0.52,31.0,1.0,0.0,0.09
0.52,32.0,1.0,0.0,0.09
0.52,33.0,1.0,0.0,0.06
0.52,34.0,1.0,0.0,0.15
0.52,35.0,1.0,0.0,0.09000000000000001
0.52,36.0,1.0,0.0,0.1
0.52,37.0,1.0,0.0,0.09
0.52,38.0,1.0,0.0,0.05
0.52,39.0,1.0,0.0,0.04
0.52,40.0,1.0,0.0,0.05
0.52,41.0,1.0,0.0,0.13
0.52,42.0,1.0,0.0,0.1
0.52,43.0,1.0,0.0,0.05
0.52,44.0,1.0,0.0,0.16000000000000003
0.52,45.0,1.0,0.0,0.06999999999999999
0.52,46.0,1.0,0.0,0.13
0.52,47.0,1.0,0.0,0.08
0.52,48.0,1.0,0.0,0.06
0.52,49.0,1.0,0.0,0.13999999999999999
0.52,50.0,1.0,0.0,0.09999999999999999
0.36,2.0,0.63,0.51,0.0
0.42,1.0,0.6399999999999999,0.51,0.0
0.44,4.0,0.8400000000000002,0.33,0.0
0.48,1.0,0.6900000000000001,0.37,0.0
0.48,0.0,0.62,0.53,0.0
0.54,23.0,1.0,0.0,0.0
0.54,24.0,1.0,0.0,0.0
0.54,25.0,1.0,0.0,0.0
0.54,26.0,1.0,0.0,0.0
0.54,27.0,1.0,0.0,0.0
0.54,28.0,1.0,0.0,0.0
0.54,29.0,1.0,0.0,0.0
0.34,2.0,0.5799999999999998,0.47000000000000003,0.0
0.54,30.0,1.0,0.0,0.0
0.54,31.0,1.0,0.0,0.20000000000000004
0.14,6.0,0.82,0.17,0.0
0.54,32.0,1.0,0.0,0.07999999999999999
0.14,7.0,1.0,0.0,0.0
0.42,5.0,0.8099999999999999,0.25,0.0
0.14,8.0,1.0,0.0,0.0
0.14,9.0,1.0,0.0,0.0
0.54,33.0,1.0,0.0,0.06
0.14,10.0,1.0,0.0,0.0
0.14,11.0,1.0,0.0,0.0
0.54,34.0,1.0,0.0,0.12000000000000002
0.14,12.0,1.0,0.0,0.0
0.14,13.0,1.0,0.0,0.0
0.54,35.0,1.0,0.0,0.10000000000000002
0.14,14.0,1.0,0.0,0.0
0.54,36.0,1.0,0.0,0.14
0.14,15.0,1.0,0.0,0.0
0.54,37.0,1.0,0.0,0.11000000000000001
0.14,16.0,1.0,0.0,0.0
0.54,38.0,1.0,0.0,0.08
0.14,17.0,1.0,0.0,0.0
0.54,39.0,1.0,0.0,0.15
0.54,40.0,1.0,0.0,0.09
0.54,41.0,1.0,0.0,0.1
0.54,42.0,1.0,0.0,0.06
0.54,43.0,1.0,0.0,0.05
0.54,44.0,1.0,0.0,0.05
0.54,45.0,1.0,0.0,0.09
0.54,48.0,1.0,0.0,0.06999999999999999
0.54,46.0,1.0,0.0,0.1
0.54,49.0,1.0,0.0,0.09
0.54,47.0,1.0,0.0,0.13
0.54,50.0,1.0,0.0,0.13
0.56,22.0,1.0,0.0,0.0
0.56,23.0,1.0,0.0,0.0
0.56,24.0,1.0,0.0,0.0
0.56,25.0,1.0,0.0,0.0
0.56,26.0,1.0,0.0,0.0
0.56,27.0,1.0,0.0,0.0
0.56,28.0,1.0,0.0,0.0
0.56,29.0,1.0,0.0,0.0
0.56,30.0,1.0,0.0,0.0
0.56,31.0,1.0,0.0,0.10999999999999999
0.56,32.0,1.0,0.0,0.12
0.56,33.0,1.0,0.0,0.07999999999999999
0.56,34.0,1.0,0.0,0.06999999999999999
0.56,35.0,1.0,0.0,0.05
0.56,36.0,1.0,0.0,0.09
0.56,37.0,1.0,0.0,0.09
0.56,38.0,1.0,0.0,0.12
0.56,39.0,1.0,0.0,0.18
0.56,40.0,1.0,0.0,0.11000000000000001
0.56,41.0,1.0,0.0,0.07999999999999999
0.56,42.0,1.0,0.0,0.12999999999999998
0.56,43.0,1.0,0.0,0.11000000000000001
0.56,44.0,1.0,0.0,0.11000000000000003
0.56,45.0,1.0,0.0,0.09
0.56,46.0,1.0,0.0,0.08
0.4,6.0,0.8400000000000001,0.24000000000000005,0.0
0.56,47.0,1.0,0.0,0.01
0.4,7.0,1.0,0.0,0.0
0.56,48.0,1.0,0.0,0.07999999999999999
0.4,8.0,1.0,0.0,0.0
0.4,9.0,1.0,0.0,0.0
0.56,49.0,1.0,0.0,0.06999999999999999
0.4,10.0,1.0,0.0,0.0
0.56,50.0,1.0,0.0,0.11000000000000001
0.4,11.0,1.0,0.0,0.0
0.4,12.0,1.0,0.0,0.0
0.4,13.0,1.0,0.0,0.0
0.4,14.0,1.0,0.0,0.0
0.4,15.0,1.0,0.0,0.0
0.4,16.0,1.0,0.0,0.0
0.4,17.0,1.0,0.0,0.0
0.4,18.0,1.0,0.0,0.0
0.4,19.0,1.0,0.0,0.0
0.4,20.0,1.0,0.0,0.0
0.4,21.0,1.0,0.0,0.0
0.4,22.0,1.0,0.0,0.0
0.4,23.0,1.0,0.0,0.0
0.4,24.0,1.0,0.0,0.0
0.4,25.0,1.0,0.0,0.0
0.4,26.0,1.0,0.0,0.0
0.4,27.0,1.0,0.0,0.0
0.4,28.0,1.0,0.0,0.0
0.4,29.0,1.0,0.0,0.0
0.58,21.0,1.0,0.0,0.0
0.58,22.0,1.0,0.0,0.0
0.58,23.0,1.0,0.0,0.0
0.58,24.0,1.0,0.0,0.0
0.58,25.0,1.0,0.0,0.0
0.58,26.0,1.0,0.0,0.0
0.58,27.0,1.0,0.0,0.0
0.58,28.0,1.0,0.0,0.0
0.58,29.0,1.0,0.0,0.0
0.58,30.0,1.0,0.0,0.0
0.58,31.0,1.0,0.0,0.06999999999999999
0.58,32.0,1.0,0.0,0.09000000000000001
0.58,33.0,1.0,0.0,0.12
0.58,34.0,1.0,0.0,0.12
0.58,35.0,1.0,0.0,0.13
0.58,36.0,1.0,0.0,0.06999999999999999
0.58,37.0,1.0,0.0,0.13999999999999999
0.58,38.0,1.0,0.0,0.12
0.58,39.0,1.0,0.0,0.07999999999999999
0.58,40.0,1.0,0.0,0.05
0.58,41.0,1.0,0.0,0.07
0.58,42.0,1.0,0.0,0.06
0.58,43.0,1.0,0.0,0.09
0.58,44.0,1.0,0.0,0.06999999999999999
0.58,45.0,1.0,0.0,0.12
0.58,46.0,1.0,0.0,0.09999999999999999
0.58,47.0,1.0,0.0,0.11000000000000001
0.58,48.0,1.0,0.0,0.12
0.58,49.0,1.0,0.0,0.07999999999999999
0.58,50.0,1.0,0.0,0.09
0.32,3.0,0.7600000000000001,0.4299999999999999,0.0
0.5,0.0,0.62,0.48,0.0
0.38,2.0,0.6399999999999999,0.5399999999999999,0.0
0.24,5.0,0.72,0.49000000000000005,0.0
0.16,6.0,0.9,0.25,0.0
0.16,7.0,1.0,0.0,0.0
0.16,8.0,1.0,0.0,0.0
0.16,9.0,1.0,0.0,0.0
0.16,10.0,1.0,0.0,0.0
0.16,11.0,1.0,0.0,0.0
0.16,12.0,1.0,0.0,0.0
0.16,13.0,1.0,0.0,0.0
0.16,14.0,1.0,0.0,0.0
0.16,15.0,1.0,0.0,0.0
0.16,16.0,1.0,0.0,0.0
0.6,20.0,1.0,0.0,0.0
0.28,4.0,0.74,0.52,0.0
0.6,21.0,1.0,0.0,0.0
0.6,22.0,1.0,0.0,0.0
0.6,23.0,1.0,0.0,0.0
0.6,24.0,1.0,0.0,0.0
0.26,4.0,0.7300000000000001,0.45999999999999996,0.0
0.6,25.0,1.0,0.0,0.0
0.6,26.0,1.0,0.0,0.0
0.6,27.0,1.0,0.0,0.0
0.6,28.0,1.0,0.0,0.0
0.6,29.0,1.0,0.0,0.0
0.6,30.0,1.0,0.0,0.0
0.6,31.0,1.0,0.0,0.12
0.6,32.0,1.0,0.0,0.07999999999999999
0.6,33.0,1.0,0.0,0.06999999999999999
0.6,34.0,1.0,0.0,0.13
0.6,35.0,1.0,0.0,0.06999999999999999
0.6,36.0,1.0,0.0,0.12
0.6,37.0,1.0,0.0,0.09
0.6,38.0,1.0,0.0,0.12000000000000002
0.6,39.0,1.0,0.0,0.14
0.6,40.0,1.0,0.0,0.04
0.6,41.0,1.0,0.0,0.11000000000000003
0.6,42.0,1.0,0.0,0.06
0.6,43.0,1.0,0.0,0.06
0.6,44.0,1.0,0.0,0.09999999999999999
0.6,45.0,1.0,0.0,0.1
0.6,46.0,1.0,0.0,0.11000000000000001
0.6,47.0,1.0,0.0,0.15999999999999998
0.6,48.0,1.0,0.0,0.1
0.6,49.0,1.0,0.0,0.06999999999999999
0.6,50.0,1.0,0.0,0.09999999999999999
0.46,1.0,0.7300000000000001,0.42000000000000004,0.0
0.62,19.0,1.0,0.0,0.0
0.62,20.0,1.0,0.0,0.0
0.62,21.0,1.0,0.0,0.0
0.62,22.0,1.0,0.0,0.0
0.62,23.0,1.0,0.0,0.0
0.62,24.0,1.0,0.0,0.0
0.62,25.0,1.0,0.0,0.0
0.62,26.0,1.0,0.0,0.0
0.62,27.0,1.0,0.0,0.0
0.62,28.0,1.0,0.0,0.0
0.62,29.0,1.0,0.0,0.0
0.62,30.0,1.0,0.0,0.0
0.62,31.0,1.0,0.0,0.15000000000000002
0.62,32.0,1.0,0.0,0.07
0.62,33.0,1.0,0.0,0.09
0.62,34.0,1.0,0.0,0.13000000000000003
0.62,35.0,1.0,0.0,0.10999999999999999
0.62,36.0,1.0,0.0,0.16999999999999998
0.62,37.0,1.0,0.0,0.06
0.62,38.0,1.0,0.0,0.09
0.62,39.0,1.0,0.0,0.05
0.62,40.0,1.0,0.0,0.08
0.62,41.0,1.0,0.0,0.1
0.62,42.0,1.0,0.0,0.08
0.62,43.0,1.0,0.0,0.10999999999999999
0.62,44.0,1.0,0.0,0.16999999999999998
0.62,45.0,1.0,0.0,0.12
0.62,46.0,1.0,0.0,0.07999999999999999
0.22,5.0,0.76,0.36,0.0
0.62,47.0,1.0,0.0,0.12
0.62,48.0,1.0,0.0,0.1
0.62,49.0,1.0,0.0,0.06999999999999999
0.62,50.0,1.0,0.0,0.11000000000000001
0.3,4.0,0.68,0.32999999999999996,0.0
0.44,2.0,0.62,0.42000000000000004,0.0
0.64,18.0,1.0,0.0,0.0
0.64,19.0,1.0,0.0,0.0
0.64,20.0,1.0,0.0,0.0
0.64,21.0,1.0,0.0,0.0
0.64,22.0,1.0,0.0,0.0
0.64,23.0,1.0,0.0,0.0
0.64,24.0,1.0,0.0,0.0
0.64,25.0,1.0,0.0,0.0
0.64,26.0,1.0,0.0,0.0
0.64,27.0,1.0,0.0,0.0
0.64,28.0,1.0,0.0,0.0
0.64,29.0,1.0,0.0,0.0
0.64,30.0,1.0,0.0,0.0
0.64,31.0,1.0,0.0,0.08
0.64,32.0,1.0,0.0,0.06000000000000001
0.64,33.0,1.0,0.0,0.17
0.64,34.0,1.0,0.0,0.09
0.64,35.0,1.0,0.0,0.06999999999999999
0.64,36.0,1.0,0.0,0.11000000000000001
0.64,37.0,1.0,0.0,0.12
0.64,38.0,1.0,0.0,0.12000000000000002
0.64,39.0,1.0,0.0,0.09
0.64,40.0,1.0,0.0,0.09
0.64,41.0,1.0,0.0,0.06
0.64,42.0,1.0,0.0,0.11000000000000001
0.64,43.0,1.0,0.0,0.09
0.64,44.0,1.0,0.0,0.08
0.64,45.0,1.0,0.0,0.19
0.64,46.0,1.0,0.0,0.09
0.64,47.0,1.0,0.0,0.09
0.64,48.0,1.0,0.0,0.06000000000000001
0.64,49.0,1.0,0.0,0.09999999999999999
0.64,50.0,1.0,0.0,0.12
0.4,2.0,0.73,0.51,0.0
0.2,6.0,0.8800000000000001,0.21999999999999997,0.0
0.2,7.0,1.0,0.0,0.0
0.2,8.0,1.0,0.0,0.0
0.2,9.0,1.0,0.0,0.0
0.2,10.0,1.0,0.0,0.0
0.2,11.0,1.0,0.0,0.0
0.2,12.0,1.0,0.0,0.0
0.2,13.0,1.0,0.0,0.0
0.2,14.0,1.0,0.0,0.0
0.66,17.0,1.0,0.0,0.0
0.66,18.0,1.0,0.0,0.0
0.66,19.0,1.0,0.0,0.0
0.66,20.0,1.0,0.0,0.0
0.66,21.0,1.0,0.0,0.0
0.66,22.0,1.0,0.0,0.0
0.66,23.0,1.0,0.0,0.0
0.66,24.0,1.0,0.0,0.0
0.66,25.0,1.0,0.0,0.0
0.66,26.0,1.0,0.0,0.0
0.66,27.0,1.0,0.0,0.0
0.66,28.0,1.0,0.0,0.0
0.66,29.0,1.0,0.0,0.0
0.66,30.0,1.0,0.0,0.0
0.66,31.0,1.0,0.0,0.13
0.66,32.0,1.0,0.0,0.09999999999999999
0.66,33.0,1.0,0.0,0.030000000000000006
0.66,34.0,1.0,0.0,0.06999999999999999
0.66,35.0,1.0,0.0,0.12000000000000002
0.66,36.0,1.0,0.0,0.10999999999999999
0.66,37.0,1.0,0.0,0.16
0.66,38.0,1.0,0.0,0.11000000000000001
0.66,39.0,1.0,0.0,0.12
0.66,40.0,1.0,0.0,0.11000000000000001
0.66,41.0,1.0,0.0,0.16000000000000003
0.66,42.0,1.0,0.0,0.13999999999999999
0.66,43.0,1.0,0.0,0.06999999999999999
0.66,44.0,1.0,0.0,0.09999999999999999
0.66,45.0,1.0,0.0,0.11000000000000001
0.66,46.0,1.0,0.0,0.06999999999999999
0.66,47.0,1.0,0.0,0.13
0.66,48.0,1.0,0.0,0.09
0.66,49.0,1.0,0.0,0.06
0.66,50.0,1.0,0.0,0.09
0.52,0.0,0.63,0.43,0.0
0.46,3.0,0.74,0.33999999999999997,0.0
0.18,6.0,0.8300000000000001,0.38999999999999996,0.0
0.18,7.0,1.0,0.0,0.0
0.18,8.0,1.0,0.0,0.0
0.18,9.0,1.0,0.0,0.0
0.18,10.0,1.0,0.0,0.0
0.18,11.0,1.0,0.0,0.0
0.18,12.0,1.0,0.0,0.0
0.18,13.0,1.0,0.0,0.0
0.18,14.0,1.0,0.0,0.0
0.18,15.0,1.0,0.0,0.0
0.68,16.0,1.0,0.0,0.0
0.68,17.0,1.0,0.0,0.0
0.68,18.0,1.0,0.0,0.0
0.68,19.0,1.0,0.0,0.0
0.68,20.0,1.0,0.0,0.0
0.68,21.0,1.0,0.0,0.0
0.68,22.0,1.0,0.0,0.0
0.68,23.0,1.0,0.0,0.0
0.68,24.0,1.0,0.0,0.0
0.68,25.0,1.0,0.0,0.0
0.68,26.0,1.0,0.0,0.0
0.68,27.0,1.0,0.0,0.0
0.68,28.0,1.0,0.0,0.0
0.68,29.0,1.0,0.0,0.0
0.68,30.0,1.0,0.0,0.0
0.68,31.0,1.0,0.0,0.15000000000000002
0.68,32.0,1.0,0.0,0.15999999999999998
0.68,33.0,1.0,0.0,0.10999999999999999
0.68,34.0,1.0,0.0,0.11000000000000001
0.68,35.0,1.0,0.0,0.1
0.68,36.0,1.0,0.0,0.09
0.68,37.0,1.0,0.0,0.06999999999999999
0.68,38.0,1.0,0.0,0.13000000000000003
0.68,39.0,1.0,0.0,0.09999999999999999
0.68,40.0,1.0,0.0,0.09
0.68,41.0,1.0,0.0,0.1
0.68,42.0,1.0,0.0,0.07999999999999999
0.68,43.0,1.0,0.0,0.05
0.68,44.0,1.0,0.0,0.06
0.68,45.0,1.0,0.0,0.12000000000000002
0.68,46.0,1.0,0.0,0.09
0.68,47.0,1.0,0.0,0.05
0.68,48.0,1.0,0.0,0.12
0.68,49.0,1.0,0.0,0.07999999999999999
0.68,50.0,1.0,0.0,0.07999999999999999
0.42,2.0,0.6,0.43,0.0
0.36,3.0,0.6199999999999999,0.45,0.0
0.44,5.0,0.78,0.22999999999999998,0.0
0.54,0.0,0.7,0.36,0.0
0.48,2.0,0.8300000000000001,0.36,0.0
0.56,0.0,0.75,0.30999999999999994,0.0
0.6,0.0,0.7100000000000001,0.37,0.0
0.58,0.0,0.8,0.29000000000000004,0.0
0.42,6.0,0.8,0.31,0.0
0.42,7.0,1.0,0.0,0.0
0.42,8.0,1.0,0.0,0.0
0.42,9.0,1.0,0.0,0.0
0.42,10.0,1.0,0.0,0.0
0.42,11.0,1.0,0.0,0.0
0.42,12.0,1.0,0.0,0.0
0.42,13.0,1.0,0.0,0.0
0.42,14.0,1.0,0.0,0.0
0.42,15.0,1.0,0.0,0.0
0.42,16.0,1.0,0.0,0.0
0.42,17.0,1.0,0.0,0.0
0.42,18.0,1.0,0.0,0.0
0.42,19.0,1.0,0.0,0.0
0.42,20.0,1.0,0.0,0.0
0.42,21.0,1.0,0.0,0.0
0.42,22.0,1.0,0.0,0.0
0.42,23.0,1.0,0.0,0.0
0.42,24.0,1.0,0.0,0.0
0.42,25.0,1.0,0.0,0.0
0.42,26.0,1.0,0.0,0.0
0.42,27.0,1.0,0.0,0.0
0.42,28.0,1.0,0.0,0.0
0.7000000000000001,15.0,1.0,0.0,0.0
0.34,3.0,0.7,0.41999999999999993,0.0
0.7000000000000001,16.0,1.0,0.0,0.0
0.7000000000000001,17.0,1.0,0.0,0.0
0.7000000000000001,18.0,1.0,0.0,0.0
0.7000000000000001,19.0,1.0,0.0,0.0
0.7000000000000001,20.0,1.0,0.0,0.0
0.7000000000000001,21.0,1.0,0.0,0.0
0.7000000000000001,22.0,1.0,0.0,0.0
0.7000000000000001,23.0,1.0,0.0,0.0
0.7000000000000001,24.0,1.0,0.0,0.0
0.7000000000000001,25.0,1.0,0.0,0.0
0.7000000000000001,26.0,1.0,0.0,0.0
0.7000000000000001,27.0,1.0,0.0,0.0
0.7000000000000001,28.0,1.0,0.0,0.0
0.7000000000000001,29.0,1.0,0.0,0.0
0.7000000000000001,30.0,1.0,0.0,0.0
0.7000000000000001,31.0,1.0,0.0,0.13
0.7000000000000001,32.0,1.0,0.0,0.07999999999999999
0.7000000000000001,33.0,1.0,0.0,0.1
0.7000000000000001,34.0,1.0,0.0,0.05
0.7000000000000001,35.0,1.0,0.0,0.13
0.7000000000000001,36.0,1.0,0.0,0.06999999999999999
0.7000000000000001,37.0,1.0,0.0,0.09999999999999999
0.7000000000000001,38.0,1.0,0.0,0.07999999999999999
0.7000000000000001,39.0,1.0,0.0,0.13
0.7000000000000001,40.0,1.0,0.0,0.09
0.7000000000000001,41.0,1.0,0.0,0.08
0.7000000000000001,42.0,1.0,0.0,0.12
0.7000000000000001,43.0,1.0,0.0,0.09
0.7000000000000001,44.0,1.0,0.0,0.12
0.7000000000000001,45.0,1.0,0.0,0.11000000000000001
0.7000000000000001,46.0,1.0,0.0,0.17
0.7000000000000001,47.0,1.0,0.0,0.14
0.7000000000000001,48.0,1.0,0.0,0.09
0.7000000000000001,49.0,1.0,0.0,0.06
0.7000000000000001,50.0,1.0,0.0,0.09999999999999999
0.32,4.0,0.73,0.5,0.0
0.38,3.0,0.7300000000000001,0.41999999999999993,0.0
0.24,6.0,0.8699999999999999,0.25,0.0
0.24,7.0,1.0,0.0,0.0
0.24,8.0,1.0,0.0,0.0
0.24,9.0,1.0,0.0,0.0
0.24,10.0,1.0,0.0,0.0
0.24,11.0,1.0,0.0,0.0
0.24,12.0,1.0,0.0,0.0
0.72,14.0,1.0,0.0,0.0
0.72,15.0,1.0,0.0,0.0
0.72,16.0,1.0,0.0,0.0
0.72,17.0,1.0,0.0,0.0
0.72,18.0,1.0,0.0,0.0
0.72,19.0,1.0,0.0,0.0
0.72,20.0,1.0,0.0,0.0
0.72,21.0,1.0,0.0,0.0
0.72,22.0,1.0,0.0,0.0
0.72,23.0,1.0,0.0,0.0
0.72,24.0,1.0,0.0,0.0
0.5,1.0,0.7099999999999999,0.43,0.0
0.72,25.0,1.0,0.0,0.0
0.72,26.0,1.0,0.0,0.0
0.72,27.0,1.0,0.0,0.0
0.72,28.0,1.0,0.0,0.0
0.72,29.0,1.0,0.0,0.0
0.72,30.0,1.0,0.0,0.0
0.72,31.0,1.0,0.0,0.10999999999999999
0.72,32.0,1.0,0.0,0.11000000000000001
0.28,5.0,0.75,0.34,0.0
0.72,33.0,1.0,0.0,0.06
0.72,34.0,1.0,0.0,0.09000000000000001
0.72,35.0,1.0,0.0,0.1
0.72,36.0,1.0,0.0,0.18
0.72,37.0,1.0,0.0,0.09
0.72,38.0,1.0,0.0,0.06999999999999999
0.72,39.0,1.0,0.0,0.09
0.72,40.0,1.0,0.0,0.13
0.72,41.0,1.0,0.0,0.16
0.72,42.0,1.0,0.0,0.12
0.72,43.0,1.0,0.0,0.08
0.72,44.0,1.0,0.0,0.13000000000000003
0.72,45.0,1.0,0.0,0.09999999999999999
0.72,46.0,1.0,0.0,0.08
0.72,47.0,1.0,0.0,0.14
0.72,48.0,1.0,0.0,0.13999999999999999
0.72,49.0,1.0,0.0,0.13999999999999999
0.72,50.0,1.0,0.0,0.10999999999999999
0.62,0.0,0.74,0.39,0.0
0.26,5.0,0.73,0.27,0.0
0.64,0.0,0.74,0.33999999999999997,0.0
0.22,6.0,0.8799999999999999,0.22999999999999998,0.0
0.22,7.0,1.0,0.0,0.0
0.22,8.0,1.0,0.0,0.0
0.22,9.0,1.0,0.0,0.0
0.22,10.0,1.0,0.0,0.0
0.22,11.0,1.0,0.0,0.0
0.22,12.0,1.0,0.0,0.0
0.22,13.0,1.0,0.0,0.0
0.74,13.0,1.0,0.0,0.0
0.74,14.0,1.0,0.0,0.0
0.74,15.0,1.0,0.0,0.0
0.74,16.0,1.0,0.0,0.0
0.74,17.0,1.0,0.0,0.0
0.74,18.0,1.0,0.0,0.0
0.74,19.0,1.0,0.0,0.0
0.74,20.0,1.0,0.0,0.0
0.74,21.0,1.0,0.0,0.0
0.74,22.0,1.0,0.0,0.0
0.74,23.0,1.0,0.0,0.0
0.74,24.0,1.0,0.0,0.0
0.74,25.0,1.0,0.0,0.0
0.74,26.0,1.0,0.0,0.0
0.74,27.0,1.0,0.0,0.0
0.74,28.0,1.0,0.0,0.0
0.74,29.0,1.0,0.0,0.0
0.74,30.0,1.0,0.0,0.0
0.74,31.0,1.0,0.0,0.12
0.74,32.0,1.0,0.0,0.11000000000000001
0.74,33.0,1.0,0.0,0.09
0.74,34.0,1.0,0.0,0.13
0.74,35.0,1.0,0.0,0.1
0.74,36.0,1.0,0.0,0.11000000000000001
0.74,37.0,1.0,0.0,0.18
0.74,38.0,1.0,0.0,0.07999999999999999
0.74,39.0,1.0,0.0,0.16
0.74,40.0,1.0,0.0,0.06999999999999999
0.74,41.0,1.0,0.0,0.14
0.74,42.0,1.0,0.0,0.12
0.74,43.0,1.0,0.0,0.06
0.74,44.0,1.0,0.0,0.12
0.74,45.0,1.0,0.0,0.08
0.74,46.0,1.0,0.0,0.07
0.74,47.0,1.0,0.0,0.12999999999999998
0.74,48.0,1.0,0.0,0.07999999999999999
0.74,49.0,1.0,0.0,0.1
0.74,50.0,1.0,0.0,0.05
0.3,5.0,0.79,0.42000000000000004,0.0
0.4,3.0,0.74,0.43,0.0
0.66,0.0,0.79,0.36999999999999994,0.0
0.68,0.0,0.7999999999999999,0.17,0.0
0.52,1.0,0.74,0.51,0.0
0.46,4.0,0.8,0.22000000000000003,0.0
0.7000000000000001,0.0,0.7999999999999999,0.29000000000000004,0.0
0.48,3.0,0.7599999999999999,0.31999999999999995,0.0
0.58,1.0,0.75,0.35,0.0
0.44,6.0,0.7900000000000001,0.31,0.0
0.44,7.0,1.0,0.0,0.0
0.44,8.0,1.0,0.0,0.0
0.44,9.0,1.0,0.0,0.0
0.44,10.0,1.0,0.0,0.0
0.44,11.0,1.0,0.0,0.0
0.44,12.0,1.0,0.0,0.0
0.44,13.0,1.0,0.0,0.0
0.44,14.0,1.0,0.0,0.0
0.44,15.0,1.0,0.0,0.0
0.44,16.0,1.0,0.0,0.0
0.44,17.0,1.0,0.0,0.0
0.44,18.0,1.0,0.0,0.0
0.44,19.0,1.0,0.0,0.0
0.44,20.0,1.0,0.0,0.0
0.44,21.0,1.0,0.0,0.0
0.44,22.0,1.0,0.0,0.0
0.44,23.0,1.0,0.0,0.0
0.44,24.0,1.0,0.0,0.0
0.44,25.0,1.0,0.0,0.0
0.44,26.0,1.0,0.0,0.0
0.44,27.0,1.0,0.0,0.0
0.76,12.0,1.0,0.0,0.0
0.76,13.0,1.0,0.0,0.0
0.76,14.0,1.0,0.0,0.0
0.76,15.0,1.0,0.0,0.0
0.76,16.0,1.0,0.0,0.0
0.76,17.0,1.0,0.0,0.0
0.76,18.0,1.0,0.0,0.0
0.76,19.0,1.0,0.0,0.0
0.76,20.0,1.0,0.0,0.0
0.76,21.0,1.0,0.0,0.0
0.76,22.0,1.0,0.0,0.0
0.76,23.0,1.0,0.0,0.0
0.76,24.0,1.0,0.0,0.0
0.76,25.0,1.0,0.0,0.0
0.76,26.0,1.0,0.0,0.0
0.76,27.0,1.0,0.0,0.0
0.76,28.0,1.0,0.0,0.0
0.76,29.0,1.0,0.0,0.0
0.76,30.0,1.0,0.0,0.0
0.76,31.0,1.0,0.0,0.09
0.76,32.0,1.0,0.0,0.09
0.76,33.0,1.0,0.0,0.09000000000000001
0.76,34.0,1.0,0.0,0.11000000000000001
0.76,35.0,1.0,0.0,0.11000000000000001
0.76,36.0,1.0,0.0,0.13000000000000003
0.76,37.0,1.0,0.0,0.11000000000000003
0.76,38.0,1.0,0.0,0.09999999999999999
0.76,39.0,1.0,0.0,0.10999999999999999
0.76,40.0,1.0,0.0,0.11000000000000001
0.76,41.0,1.0,0.0,0.1
0.54,1.0,0.7899999999999999,0.31,0.0
0.76,42.0,1.0,0.0,0.09
0.76,43.0,1.0,0.0,0.04
0.76,44.0,1.0,0.0,0.05
0.76,45.0,1.0,0.0,0.09999999999999999
0.76,46.0,1.0,0.0,0.09999999999999999
0.76,47.0,1.0,0.0,0.04
0.76,48.0,1.0,0.0,0.12
0.76,49.0,1.0,0.0,0.11000000000000001
0.76,50.0,1.0,0.0,0.1
0.6,1.0,0.8700000000000001,0.34,0.0
0.36,4.0,0.74,0.41,0.0
0.56,1.0,0.74,0.4,0.0
0.42,3.0,0.73,0.32,0.0
0.78,11.0,1.0,0.0,0.0
0.78,12.0,1.0,0.0,0.0
0.78,13.0,1.0,0.0,0.0
0.78,14.0,1.0,0.0,0.0
0.78,15.0,1.0,0.0,0.0
0.78,16.0,1.0,0.0,0.0
0.78,17.0,1.0,0.0,0.0
0.78,18.0,1.0,0.0,0.0
0.78,19.0,1.0,0.0,0.0
0.78,20.0,1.0,0.0,0.0
0.78,21.0,1.0,0.0,0.0
0.78,22.0,1.0,0.0,0.0
0.78,23.0,1.0,0.0,0.0
0.78,24.0,1.0,0.0,0.0
0.78,25.0,1.0,0.0,0.0
0.78,26.0,1.0,0.0,0.0
0.78,27.0,1.0,0.0,0.0
0.78,28.0,1.0,0.0,0.0
0.78,29.0,1.0,0.0,0.0
0.78,30.0,1.0,0.0,0.0
0.78,31.0,1.0,0.0,0.12000000000000002
0.78,32.0,1.0,0.0,0.13999999999999999
0.34,4.0,0.7000000000000001,0.35,0.0
0.72,0.0,0.78,0.31,0.0
0.78,33.0,0.96,0.01,0.07999999999999999
0.78,34.0,1.0,0.0,0.07
0.78,35.0,1.0,0.0,0.11000000000000001
0.78,36.0,1.0,0.0,0.16000000000000003
0.78,37.0,1.0,0.0,0.15000000000000002
0.78,38.0,1.0,0.0,0.09
0.78,39.0,1.0,0.0,0.12
0.78,40.0,1.0,0.0,0.1
0.78,41.0,1.0,0.0,0.12
0.78,42.0,1.0,0.0,0.09
0.78,43.0,1.0,0.0,0.06
0.78,44.0,1.0,0.0,0.09
0.78,45.0,1.0,0.0,0.09999999999999999
0.78,46.0,1.0,0.0,0.04
0.78,47.0,1.0,0.0,0.13000000000000003
0.78,48.0,1.0,0.0,0.12
0.78,49.0,1.0,0.0,0.11000000000000001
0.78,50.0,1.0,0.0,0.09
0.32,5.0,0.6799999999999999,0.25000000000000006,0.0
0.38,4.0,0.71,0.38,0.0
0.5,2.0,0.8400000000000001,0.24,0.0
0.74,0.0,0.8,0.22000000000000003,0.0
0.28,6.0,0.8400000000000001,0.18000000000000002,0.0
0.28,7.0,1.0,0.0,0.0
0.28,8.0,1.0,0.0,0.0
0.28,9.0,1.0,0.0,0.0
0.28,10.0,1.0,0.0,0.0
0.8,10.0,1.0,0.0,0.0
0.8,11.0,1.0,0.0,0.0
0.8,12.0,1.0,0.0,0.0
0.8,13.0,1.0,0.0,0.0
0.8,14.0,1.0,0.0,0.0
0.8,15.0,1.0,0.0,0.0
0.8,16.0,1.0,0.0,0.0
0.8,17.0,1.0,0.0,0.0
0.8,18.0,1.0,0.0,0.0
0.8,19.0,1.0,0.0,0.0
0.8,20.0,1.0,0.0,0.0
0.8,21.0,1.0,0.0,0.0
0.8,22.0,1.0,0.0,0.0
0.8,23.0,1.0,0.0,0.0
0.8,24.0,1.0,0.0,0.0
0.8,25.0,1.0,0.0,0.0
0.8,26.0,1.0,0.0,0.0
0.8,27.0,1.0,0.0,0.0
0.8,28.0,1.0,0.0,0.0
0.8,29.0,1.0,0.0,0.0
0.8,30.0,1.0,0.0,0.0
0.8,31.0,1.0,0.0,0.06
0.8,32.0,1.0,0.0,0.07999999999999999
0.8,33.0,1.0,0.0,0.13999999999999999
0.8,34.0,1.0,0.0,0.04
0.8,35.0,1.0,0.0,0.08
0.8,36.0,1.0,0.0,0.12
0.8,37.0,1.0,0.0,0.1
0.8,38.0,1.0,0.0,0.11000000000000003
0.8,39.0,1.0,0.0,0.14
0.8,40.0,1.0,0.0,0.14000000000000004
0.8,41.0,1.0,0.0,0.11000000000000001
0.8,42.0,1.0,0.0,0.08
0.8,43.0,1.0,0.0,0.08
0.8,44.0,1.0,0.0,0.11000000000000001
0.8,45.0,1.0,0.0,0.14
0.8,46.0,1.0,0.0,0.05
0.8,47.0,1.0,0.0,0.08
0.8,48.0,1.0,0.0,0.09999999999999999
0.8,49.0,1.0,0.0,0.07
0.8,50.0,1.0,0.0,0.13999999999999999
0.62,1.0,0.8,0.3,0.0
0.26,6.0,0.79,0.41,0.0
0.26,7.0,1.0,0.0,0.0
0.26,8.0,1.0,0.0,0.0
0.26,9.0,1.0,0.0,0.0
0.26,10.0,1.0,0.0,0.0
0.26,11.0,1.0,0.0,0.0
0.8200000000000001,9.0,1.0,0.0,0.0
0.8200000000000001,10.0,1.0,0.0,0.0
0.8200000000000001,11.0,1.0,0.0,0.0
0.8200000000000001,12.0,1.0,0.0,0.0
0.8200000000000001,13.0,1.0,0.0,0.0
0.8200000000000001,14.0,1.0,0.0,0.0
0.8200000000000001,15.0,1.0,0.0,0.0
0.8200000000000001,16.0,1.0,0.0,0.0
0.8200000000000001,17.0,1.0,0.0,0.0
0.8200000000000001,18.0,1.0,0.0,0.0
0.8200000000000001,19.0,1.0,0.0,0.0
0.8200000000000001,20.0,1.0,0.0,0.0
0.8200000000000001,21.0,1.0,0.0,0.0
0.8200000000000001,22.0,1.0,0.0,0.0
0.8200000000000001,23.0,1.0,0.0,0.0
0.8200000000000001,24.0,1.0,0.0,0.0
0.8200000000000001,25.0,1.0,0.0,0.0
0.8200000000000001,26.0,1.0,0.0,0.0
0.8200000000000001,27.0,1.0,0.0,0.0
0.8200000000000001,28.0,1.0,0.0,0.0
0.8200000000000001,29.0,1.0,0.0,0.0
0.8200000000000001,30.0,1.0,0.0,0.0
0.8200000000000001,31.0,1.0,0.0,0.09999999999999999
0.8200000000000001,32.0,1.0,0.0,0.1
0.8200000000000001,33.0,1.0,0.0,0.08
0.64,1.0,0.8700000000000001,0.23000000000000007,0.0
0.8200000000000001,34.0,0.9400000000000001,0.0,0.12000000000000002
0.8200000000000001,35.0,1.0,0.0,0.09999999999999999
0.8200000000000001,36.0,1.0,0.0,0.12999999999999998
0.8200000000000001,37.0,1.0,0.0,0.06999999999999999
0.8200000000000001,38.0,1.0,0.0,0.11000000000000001
0.8200000000000001,39.0,1.0,0.0,0.11000000000000001
0.8200000000000001,40.0,1.0,0.0,0.12000000000000002
0.8200000000000001,41.0,1.0,0.0,0.07999999999999999
0.8200000000000001,42.0,1.0,0.0,0.09
0.8200000000000001,43.0,1.0,0.0,0.08
0.8200000000000001,44.0,1.0,0.0,0.13
0.8200000000000001,45.0,1.0,0.0,0.12000000000000002
0.8200000000000001,46.0,1.0,0.0,0.10999999999999999
0.8200000000000001,47.0,1.0,0.0,0.07999999999999999
0.8200000000000001,48.0,1.0,0.0,0.08
0.8200000000000001,49.0,1.0,0.0,0.09
0.8200000000000001,50.0,1.0,0.0,0.06999999999999999
0.76,0.0,0.74,0.28,0.0
0.66,1.0,0.85,0.17,0.0
0.3,6.0,0.79,0.21000000000000002,0.0
0.3,7.0,1.0,0.0,0.0
0.3,8.0,1.0,0.0,0.0
0.3,9.0,1.0,0.0,0.0
0.84,8.0,1.0,0.0,0.0
0.84,9.0,1.0,0.0,0.0
0.84,10.0,1.0,0.0,0.0
0.84,11.0,1.0,0.0,0.0
0.84,12.0,1.0,0.0,0.0
0.84,13.0,1.0,0.0,0.0
0.84,14.0,1.0,0.0,0.0
0.84,15.0,1.0,0.0,0.0
0.84,16.0,1.0,0.0,0.0
0.84,17.0,1.0,0.0,0.0
0.84,18.0,1.0,0.0,0.0
0.84,19.0,1.0,0.0,0.0
0.84,20.0,1.0,0.0,0.0
0.84,21.0,1.0,0.0,0.0
0.84,22.0,1.0,0.0,0.0
0.84,23.0,1.0,0.0,0.0
0.84,24.0,1.0,0.0,0.0
0.84,25.0,1.0,0.0,0.0
0.84,26.0,1.0,0.0,0.0
0.84,27.0,1.0,0.0,0.0
0.84,28.0,1.0,0.0,0.0
0.84,29.0,1.0,0.0,0.0
0.84,30.0,1.0,0.0,0.0
0.84,31.0,1.0,0.0,0.09
0.84,32.0,1.0,0.0,0.07
0.84,33.0,1.0,0.0,0.030000000000000006
0.84,34.0,1.0,0.0,0.11000000000000003
0.84,35.0,1.0,0.0,0.1
0.84,36.0,1.0,0.0,0.09
0.84,37.0,1.0,0.0,0.05
0.84,38.0,0.96,0.01,0.15
0.84,39.0,0.97,0.0,0.16999999999999998
0.84,40.0,1.0,0.0,0.12
0.84,41.0,1.0,0.0,0.11000000000000001
0.84,42.0,1.0,0.0,0.08
0.84,43.0,1.0,0.0,0.09
0.84,44.0,1.0,0.0,0.06999999999999999
0.84,45.0,1.0,0.0,0.06
0.84,46.0,1.0,0.0,0.09
0.84,47.0,1.0,0.0,0.06999999999999999
0.84,48.0,1.0,0.0,0.11000000000000001
0.84,49.0,1.0,0.0,0.06999999999999999
0.4,4.0,0.78,0.31,0.0
0.84,50.0,1.0,0.0,0.09
0.86,7.0,1.0,0.0,0.0
0.86,8.0,1.0,0.0,0.0
0.86,9.0,1.0,0.0,0.0
0.86,10.0,1.0,0.0,0.0
0.86,11.0,1.0,0.0,0.0
0.86,12.0,1.0,0.0,0.0
0.86,13.0,1.0,0.0,0.0
0.86,14.0,1.0,0.0,0.0
0.86,15.0,1.0,0.0,0.0
0.86,16.0,1.0,0.0,0.0
0.86,17.0,1.0,0.0,0.0
0.86,18.0,1.0,0.0,0.0
0.86,19.0,1.0,0.0,0.0
0.86,20.0,1.0,0.0,0.0
0.86,21.0,1.0,0.0,0.0
0.86,22.0,1.0,0.0,0.0
0.86,23.0,1.0,0.0,0.0
0.86,24.0,1.0,0.0,0.0
0.86,25.0,1.0,0.0,0.0
0.86,26.0,1.0,0.0,0.0
0.86,27.0,1.0,0.0,0.0
0.86,28.0,1.0,0.0,0.0
0.86,29.0,1.0,0.0,0.0
0.86,30.0,1.0,0.0,0.0
0.86,31.0,0.96,0.02,0.07
0.86,32.0,1.0,0.0,0.06999999999999999
0.86,33.0,1.0,0.0,0.13999999999999999
0.52,2.0,0.8400000000000001,0.27999999999999997,0.0
0.46,5.0,0.82,0.26999999999999996,0.0
0.68,1.0,0.82,0.21000000000000002,0.0
0.7000000000000001,1.0,0.8400000000000001,0.19,0.0
0.58,2.0,0.8700000000000001,0.25000000000000006,0.0
0.6,2.0,0.8300000000000001,0.26,0.0
0.86,34.0,0.9099999999999999,0.09000000000000001,0.26
0.86,35.0,1.0,0.0,0.09
0.86,36.0,1.0,0.0,0.12
0.86,37.0,1.0,0.0,0.06
0.86,38.0,1.0,0.0,0.11000000000000001
0.86,39.0,1.0,0.0,0.10000000000000002
0.86,40.0,1.0,0.0,0.08
0.86,41.0,1.0,0.0,0.07
0.48,4.0,0.8400000000000001,0.2,0.0
0.86,42.0,1.0,0.0,0.06999999999999999
0.86,43.0,1.0,0.0,0.1
0.86,44.0,0.9800000000000001,0.0,0.12
0.86,45.0,1.0,0.0,0.08
0.86,46.0,1.0,0.0,0.15
0.78,0.0,0.7899999999999999,0.31000000000000005,0.0
0.86,47.0,1.0,0.0,0.06999999999999999
0.86,48.0,1.0,0.0,0.1
0.86,49.0,1.0,0.0,0.13
0.86,50.0,1.0,0.0,0.12999999999999998
0.36,5.0,0.76,0.21999999999999997,0.0
0.54,2.0,0.6900000000000001,0.38,0.0
0.56,2.0,0.78,0.29000000000000004,0.0
0.72,1.0,0.7999999999999999,0.29,0.0
0.34,5.0,0.8300000000000001,0.27,0.0
0.8,0.0,0.9200000000000002,0.07999999999999999,0.0
0.32,6.0,0.85,0.36,0.0
0.32,7.0,1.0,0.0,0.0
0.32,8.0,1.0,0.0,0.0
0.38,5.0,0.7899999999999999,0.23000000000000004,0.0
0.5,3.0,0.7700000000000001,0.26,0.0
0.74,1.0,0.85,0.15,0.0
0.62,2.0,0.8300000000000001,0.16999999999999998,0.0
0.8200000000000001,0.0,0.8800000000000001,0.13000000000000003,0.0
0.88,31.0,0.97,0.01,0.11000000000000001
0.84,0.0,0.9100000000000001,0.09,0.0
0.64,2.0,0.7799999999999999,0.24,0.0
0.76,1.0,0.8200000000000001,0.19999999999999998,0.0
0.66,2.0,0.8399999999999999,0.21000000000000002,0.0
0.88,32.0,0.95,0.05,0.16
0.86,0.0,0.9000000000000001,0.09999999999999999,0.0
0.88,33.0,0.97,0.0,0.13000000000000003
0.7000000000000001,2.0,0.8400000000000001,0.29000000000000004,0.0
0.46,6.0,0.9099999999999999,0.12999999999999998,0.0
0.46,7.0,1.0,0.0,0.0
0.46,8.0,1.0,0.0,0.0
0.46,9.0,1.0,0.0,0.0
0.46,10.0,1.0,0.0,0.0
0.46,11.0,1.0,0.0,0.0
0.88,34.0,0.99,0.04,0.1
0.46,12.0,1.0,0.0,0.0
0.46,13.0,1.0,0.0,0.0
0.46,14.0,1.0,0.0,0.0
0.46,15.0,1.0,0.0,0.0
0.46,16.0,1.0,0.0,0.0
0.46,17.0,1.0,0.0,0.0
0.46,18.0,1.0,0.0,0.0
0.46,19.0,1.0,0.0,0.0
0.46,20.0,1.0,0.0,0.0
0.46,21.0,1.0,0.0,0.0
0.46,22.0,1.0,0.0,0.0
0.46,23.0,1.0,0.0,0.0
0.46,24.0,1.0,0.0,0.0
0.46,25.0,1.0,0.0,0.0
0.46,26.0,1.0,0.0,0.0
0.6,3.0,0.8,0.24,0.0
0.68,2.0,0.8099999999999999,0.24000000000000005,0.0
0.52,3.0,0.8099999999999999,0.24000000000000005,0.0
0.58,3.0,0.8300000000000001,0.25000000000000006,0.0
0.78,1.0,0.9,0.09,0.0
0.88,0.0,0.8900000000000002,0.09999999999999999,0.0
0.48,5.0,0.7900000000000001,0.23000000000000004,0.0
0.88,35.0,0.95,0.02,0.16999999999999998
0.36,6.0,0.8200000000000001,0.21999999999999997,0.0
0.54,3.0,0.78,0.21000000000000002,0.0
0.9,30.0,1.0,0.0,0.0
0.56,3.0,0.82,0.21000000000000002,0.0
0.72,2.0,0.8300000000000001,0.29000000000000004,0.0
0.88,36.0,0.9800000000000001,0.05,0.09
0.88,37.0,1.0,0.0,0.1
0.88,38.0,1.0,0.0,0.04
0.88,39.0,1.0,0.0,0.05
0.88,40.0,0.97,0.02,0.11000000000000001
0.88,41.0,1.0,0.0,0.06999999999999999
0.88,42.0,1.0,0.0,0.06
0.88,43.0,1.0,0.0,0.1
0.88,44.0,1.0,0.0,0.12
0.88,45.0,1.0,0.0,0.04
0.34,6.0,0.8300000000000001,0.19,0.0
0.34,7.0,1.0,0.0,0.0
0.88,46.0,1.0,0.0,0.13
0.88,47.0,1.0,0.0,0.13
0.88,48.0,1.0,0.0,0.06
0.88,49.0,1.0,0.0,0.09
0.88,50.0,1.0,0.0,0.12999999999999998
0.8,1.0,0.9200000000000002,0.07999999999999999,0.0
0.88,6.0,0.8400000000000001,0.25,0.0
0.88,7.0,1.0,0.0,0.0
0.88,8.0,1.0,0.0,0.0
0.88,9.0,1.0,0.0,0.0
0.88,10.0,1.0,0.0,0.0
0.88,11.0,1.0,0.0,0.0
0.88,12.0,1.0,0.0,0.0
0.88,13.0,1.0,0.0,0.0
0.88,14.0,1.0,0.0,0.0
0.88,15.0,1.0,0.0,0.0
0.88,16.0,1.0,0.0,0.0
0.88,17.0,1.0,0.0,0.0
0.88,18.0,1.0,0.0,0.0
0.88,19.0,1.0,0.0,0.0
0.88,20.0,1.0,0.0,0.0
0.88,21.0,1.0,0.0,0.0
0.88,22.0,1.0,0.0,0.0
0.88,23.0,1.0,0.0,0.0
0.88,24.0,1.0,0.0,0.0
0.88,25.0,1.0,0.0,0.0
0.88,26.0,0.93,0.01,0.03
0.88,27.0,1.0,0.0,0.0
0.88,28.0,0.9,0.05,0.09
0.88,29.0,1.0,0.0,0.0
0.88,30.0,1.0,0.0,0.0
0.92,29.0,1.0,0.0,0.0
0.92,30.0,1.0,0.0,0.0
0.9,31.0,0.8399999999999999,0.09,0.19000000000000003
0.5,4.0,0.8200000000000001,0.37,0.0
0.74,2.0,0.9200000000000002,0.06999999999999999,0.0
0.9,32.0,0.96,0.03,0.06999999999999999
0.62,3.0,0.8300000000000001,0.14999999999999997,0.0
0.8200000000000001,1.0,0.9,0.09,0.0
0.64,3.0,0.78,0.29000000000000004,0.0
0.84,1.0,0.9200000000000002,0.07999999999999999,0.0
0.76,2.0,0.8600000000000001,0.09999999999999999,0.0
0.92,31.0,0.8699999999999999,0.08,0.12999999999999998
0.66,3.0,0.8,0.18,0.0
0.9,33.0,0.8300000000000001,0.09,0.19000000000000003
0.86,1.0,0.8900000000000002,0.09,0.0
0.9,34.0,0.86,0.04,0.2
0.9,35.0,1.0,0.0,0.06000000000000001
0.9,36.0,1.0,0.0,0.09
0.92,32.0,0.9299999999999999,0.05,0.11000000000000001
0.6,4.0,0.9,0.06999999999999999,0.0
0.58,4.0,0.86,0.24000000000000005,0.0
0.9,5.0,0.8100000000000002,0.16999999999999998,0.0
0.7000000000000001,3.0,0.9100000000000001,0.09,0.0
0.78,2.0,0.9100000000000001,0.07999999999999999,0.0
0.52,4.0,0.8100000000000002,0.25000000000000006,0.0
0.68,3.0,0.8700000000000001,0.09999999999999999,0.0
0.88,1.0,0.9100000000000001,0.09,0.0
0.9,37.0,0.95,0.0,0.12
0.48,6.0,0.8799999999999999,0.22000000000000003,0.0
0.48,7.0,1.0,0.0,0.0
0.48,8.0,1.0,0.0,0.0
0.48,9.0,1.0,0.0,0.0
0.48,10.0,1.0,0.0,0.0
0.48,11.0,1.0,0.0,0.0
0.48,12.0,1.0,0.0,0.0
0.48,13.0,1.0,0.0,0.0
0.56,4.0,0.7700000000000001,0.31,0.0
0.48,14.0,1.0,0.0,0.0
0.48,15.0,1.0,0.0,0.0
0.48,16.0,1.0,0.0,0.0
0.48,17.0,1.0,0.0,0.0
0.48,18.0,1.0,0.0,0.0
0.48,19.0,1.0,0.0,0.0
0.48,20.0,1.0,0.0,0.0
0.48,21.0,1.0,0.0,0.0
0.48,22.0,1.0,0.0,0.0
0.48,23.0,1.0,0.0,0.0
0.48,24.0,1.0,0.0,0.0
0.48,25.0,1.0,0.0,0.0
0.72,3.0,0.89,0.09,0.0
0.9,38.0,0.93,0.01,0.13
0.54,4.0,0.8099999999999999,0.25,0.0
0.92,33.0,0.9100000000000001,0.04,0.1
0.8,2.0,0.9000000000000001,0.09,0.0
0.9,0.0,0.8700000000000001,0.16000000000000006,0.0
0.92,4.0,0.8600000000000001,0.06999999999999999,0.0
0.92,34.0,0.9400000000000001,0.02,0.07
0.9,39.0,0.89,0.0,0.09999999999999999
0.9,40.0,1.0,0.0,0.07
0.9,41.0,1.0,0.0,0.15000000000000002
0.9,42.0,1.0,0.0,0.06
0.9,43.0,0.95,0.01,0.1
0.9,44.0,1.0,0.0,0.06
0.9,45.0,1.0,0.0,0.11000000000000001
0.74,3.0,0.8900000000000002,0.09999999999999999,0.0
0.5,5.0,0.8800000000000001,0.18,0.0
0.8200000000000001,2.0,0.9100000000000001,0.07999999999999999,0.0
0.92,35.0,0.9100000000000001,0.030000000000000006,0.13
0.9,46.0,0.95,0.0,0.12
0.9,47.0,0.96,0.01,0.08
0.9,48.0,0.9800000000000001,0.0,0.12
0.9,49.0,1.0,0.0,0.09
0.9,50.0,1.0,0.0,0.07
0.84,2.0,0.8900000000000002,0.09999999999999999,0.0
0.64,4.0,0.82,0.09,0.0
0.76,3.0,0.93,0.06,0.0
0.62,4.0,0.8700000000000001,0.12,0.0
0.92,36.0,0.99,0.0,0.04
0.66,4.0,0.8400000000000001,0.07999999999999999,0.0
0.86,2.0,0.9000000000000001,0.09,0.0
0.78,3.0,0.8900000000000002,0.09,0.0
0.6,5.0,0.89,0.18,0.0
0.58,5.0,0.75,0.27,0.0
0.7000000000000001,4.0,0.9,0.14,0.0
0.92,37.0,0.8,0.11000000000000001,0.18
0.88,2.0,0.9200000000000002,0.06999999999999999,0.0
0.9,6.0,0.8699999999999999,0.33999999999999997,0.0
0.9,7.0,1.0,0.0,0.0
0.9,8.0,1.0,0.0,0.0
0.9,9.0,1.0,0.0,0.0
0.9,10.0,1.0,0.0,0.0
0.9,11.0,1.0,0.0,0.0
0.9,12.0,1.0,0.0,0.0
0.9,13.0,1.0,0.0,0.0
0.9,14.0,1.0,0.0,0.0
0.9,15.0,1.0,0.0,0.0
0.9,16.0,1.0,0.0,0.0
0.9,17.0,1.0,0.0,0.0
0.9,18.0,1.0,0.0,0.0
0.9,19.0,1.0,0.0,0.0
0.9,20.0,1.0,0.0,0.0
0.9,21.0,1.0,0.0,0.0
0.9,22.0,1.0,0.0,0.0
0.9,23.0,1.0,0.0,0.0
0.9,24.0,1.0,0.0,0.0
0.9,25.0,1.0,0.0,0.0
0.9,26.0,1.0,0.0,0.0
0.9,27.0,1.0,0.0,0.0
0.68,4.0,0.8700000000000001,0.09,0.0
0.9,28.0,1.0,0.0,0.0
0.9,29.0,1.0,0.0,0.0
0.8,3.0,0.9100000000000001,0.06999999999999999,0.0
0.9400000000000001,28.0,0.86,0.030000000000000006,0.05
0.56,5.0,0.9099999999999999,0.29,0.0
0.9400000000000001,29.0,0.9,0.06,0.08
0.9400000000000001,30.0,0.8800000000000001,0.08,0.12
0.52,5.0,0.76,0.37,0.0
0.72,4.0,0.8600000000000001,0.09,0.0
0.9400000000000001,3.0,0.9100000000000001,0.07999999999999999,0.0
0.54,5.0,0.8300000000000001,0.2,0.0
0.9,1.0,0.9100000000000001,0.09,0.0
0.92,38.0,0.9600000000000002,0.05,0.09
0.92,5.0,0.76,0.42000000000000004,0.0
0.5,6.0,0.82,0.32,0.0
0.5,7.0,1.0,0.0,0.0
0.5,8.0,1.0,0.0,0.0
0.5,9.0,1.0,0.0,0.0
0.5,10.0,1.0,0.0,0.0
0.5,11.0,1.0,0.0,0.0
0.5,12.0,1.0,0.0,0.0
0.5,13.0,1.0,0.0,0.0
0.5,14.0,1.0,0.0,0.0
0.5,15.0,1.0,0.0,0.0
0.5,16.0,1.0,0.0,0.0
0.5,17.0,1.0,0.0,0.0
0.5,18.0,1.0,0.0,0.0
0.5,19.0,1.0,0.0,0.0
0.5,20.0,1.0,0.0,0.0
0.5,21.0,1.0,0.0,0.0
0.5,22.0,1.0,0.0,0.0
0.5,23.0,1.0,0.0,0.0
0.5,24.0,1.0,0.0,0.0
0.92,39.0,0.89,0.05,0.14000000000000004
0.9400000000000001,31.0,0.85,0.04,0.12
0.74,4.0,0.8500000000000002,0.15000000000000002,0.0
0.64,5.0,0.78,0.15000000000000002,0.0
0.76,4.0,0.8400000000000001,0.09,0.0
0.8200000000000001,3.0,0.9000000000000001,0.09999999999999999,0.0
0.92,0.0,0.9000000000000001,0.09,0.0
0.92,40.0,0.74,0.11000000000000001,0.25
0.9400000000000001,32.0,1.0,0.01,0.04
0.66,5.0,0.9099999999999999,0.14999999999999997,0.0
0.84,3.0,0.89,0.09,0.0
0.62,5.0,0.79,0.25,0.0
0.9400000000000001,33.0,0.95,0.02,0.07
0.78,4.0,0.86,0.13,0.0
0.92,41.0,0.8099999999999999,0.1,0.2
0.92,42.0,0.99,0.0,0.04
0.86,3.0,0.93,0.05,0.0
0.58,6.0,0.85,0.24,0.0
0.58,7.0,1.0,0.0,0.0
0.58,8.0,1.0,0.0,0.0
0.58,9.0,1.0,0.0,0.0
0.58,10.0,1.0,0.0,0.0
0.58,11.0,1.0,0.0,0.0
0.58,12.0,1.0,0.0,0.0
0.58,13.0,1.0,0.0,0.0
0.58,14.0,1.0,0.0,0.0
0.58,15.0,1.0,0.0,0.0
0.58,16.0,1.0,0.0,0.0
0.58,17.0,1.0,0.0,0.0
0.58,18.0,1.0,0.0,0.0
0.58,19.0,1.0,0.0,0.0
0.58,20.0,1.0,0.0,0.0
0.96,27.0,1.0,0.0,0.0
0.96,28.0,1.0,0.0,0.0
0.6,6.0,0.86,0.26999999999999996,0.0
0.6,7.0,1.0,0.0,0.0
0.6,8.0,1.0,0.0,0.0
0.6,9.0,1.0,0.0,0.0
0.6,10.0,1.0,0.0,0.0
0.6,11.0,1.0,0.0,0.0
0.6,12.0,1.0,0.0,0.0
0.6,13.0,1.0,0.0,0.0
0.6,14.0,1.0,0.0,0.0
0.6,15.0,1.0,0.0,0.0
0.6,16.0,1.0,0.0,0.0
0.6,17.0,1.0,0.0,0.0
0.6,18.0,1.0,0.0,0.0
0.6,19.0,1.0,0.0,0.0
0.92,43.0,0.99,0.05,0.09
0.9400000000000001,34.0,0.9299999999999999,0.02,0.13
0.96,29.0,0.9400000000000001,0.03,0.03
0.96,30.0,1.0,0.0,0.0
0.7000000000000001,5.0,0.8100000000000002,0.32,0.0
0.92,44.0,0.95,0.03,0.11000000000000001
0.88,3.0,0.9400000000000001,0.06,0.0
0.56,6.0,0.78,0.24000000000000005,0.0
0.56,7.0,1.0,0.0,0.0
0.56,8.0,1.0,0.0,0.0
0.56,9.0,1.0,0.0,0.0
0.56,10.0,1.0,0.0,0.0
0.56,11.0,1.0,0.0,0.0
0.56,12.0,1.0,0.0,0.0
0.56,13.0,1.0,0.0,0.0
0.56,14.0,1.0,0.0,0.0
0.56,15.0,1.0,0.0,0.0
0.56,16.0,1.0,0.0,0.0
0.56,17.0,1.0,0.0,0.0
0.56,18.0,1.0,0.0,0.0
0.56,19.0,1.0,0.0,0.0
0.8,4.0,0.85,0.10999999999999999,0.0
0.56,20.0,1.0,0.0,0.0
0.56,21.0,1.0,0.0,0.0
0.98,26.0,1.0,0.0,0.0
0.68,5.0,0.79,0.35,0.0
0.98,27.0,1.0,0.0,0.0
0.98,28.0,1.0,0.0,0.0
0.98,29.0,1.0,0.0,0.0
0.72,5.0,0.7500000000000001,0.45999999999999996,0.0
0.98,30.0,1.0,0.0,0.0
0.52,6.0,0.85,0.21000000000000002,0.0
0.52,7.0,1.0,0.0,0.0
0.52,8.0,1.0,0.0,0.0
0.52,9.0,1.0,0.0,0.0
0.52,10.0,1.0,0.0,0.0
0.52,11.0,1.0,0.0,0.0
0.52,12.0,1.0,0.0,0.0
0.52,13.0,1.0,0.0,0.0
0.52,14.0,1.0,0.0,0.0
0.52,15.0,1.0,0.0,0.0
0.52,16.0,1.0,0.0,0.0
0.52,17.0,1.0,0.0,0.0
0.52,18.0,1.0,0.0,0.0
0.52,19.0,1.0,0.0,0.0
0.52,20.0,1.0,0.0,0.0
0.52,21.0,1.0,0.0,0.0
0.52,22.0,1.0,0.0,0.0
0.54,6.0,0.76,0.41999999999999993,0.0
0.52,23.0,1.0,0.0,0.0
0.54,7.0,1.0,0.0,0.0
0.54,8.0,1.0,0.0,0.0
0.54,9.0,1.0,0.0,0.0
0.54,10.0,1.0,0.0,0.0
0.54,11.0,1.0,0.0,0.0
0.54,12.0,1.0,0.0,0.0
0.54,13.0,1.0,0.0,0.0
0.54,14.0,1.0,0.0,0.0
0.54,15.0,1.0,0.0,0.0
0.54,16.0,1.0,0.0,0.0
0.54,17.0,1.0,0.0,0.0
0.54,18.0,1.0,0.0,0.0
0.54,19.0,1.0,0.0,0.0
0.54,20.0,1.0,0.0,0.0
0.54,21.0,1.0,0.0,0.0
0.54,22.0,1.0,0.0,0.0
0.9400000000000001,4.0,0.8099999999999999,0.09999999999999999,0.0
0.9,2.0,0.8700000000000001,0.09,0.0
0.92,45.0,0.97,0.04,0.14
0.92,46.0,1.0,0.0,0.08
0.92,47.0,1.0,0.0,0.09
0.92,48.0,1.0,0.0,0.07999999999999999
0.9400000000000001,35.0,0.9,0.07,0.11000000000000001
0.92,6.0,0.82,0.2,0.0
0.92,7.0,1.0,0.0,0.0
0.92,8.0,1.0,0.0,0.0
0.92,9.0,1.0,0.0,0.0
0.92,10.0,1.0,0.0,0.0
0.92,11.0,1.0,0.0,0.0
0.92,12.0,1.0,0.0,0.0
0.92,13.0,1.0,0.0,0.0
0.92,14.0,1.0,0.0,0.0
0.92,15.0,1.0,0.0,0.0
0.92,16.0,1.0,0.0,0.0
0.92,17.0,1.0,0.0,0.0
0.92,18.0,1.0,0.0,0.0
0.92,19.0,1.0,0.0,0.0
0.92,20.0,1.0,0.0,0.0
0.92,21.0,1.0,0.0,0.0
0.92,22.0,1.0,0.0,0.0
0.92,23.0,1.0,0.0,0.0
0.92,24.0,1.0,0.0,0.0
0.92,25.0,1.0,0.0,0.0
0.9400000000000001,36.0,0.9199999999999999,0.01,0.05
0.92,26.0,0.96,0.04,0.06
0.92,27.0,1.0,0.0,0.0
0.92,49.0,0.96,0.06999999999999999,0.14
0.96,2.0,0.9000000000000001,0.09999999999999999,0.0
0.92,28.0,0.9400000000000001,0.03,0.04
0.8200000000000001,4.0,0.8399999999999999,0.1,0.0
0.9400000000000001,37.0,0.9199999999999999,0.01,0.08
0.74,5.0,0.85,0.25000000000000006,0.0
0.64,6.0,0.9099999999999999,0.19,0.0
0.64,7.0,1.0,0.0,0.0
0.64,8.0,1.0,0.0,0.0
0.64,9.0,1.0,0.0,0.0
0.64,10.0,1.0,0.0,0.0
0.64,11.0,1.0,0.0,0.0
0.64,12.0,1.0,0.0,0.0
0.64,13.0,1.0,0.0,0.0
0.64,14.0,1.0,0.0,0.0
0.64,15.0,1.0,0.0,0.0
0.64,16.0,1.0,0.0,0.0
0.64,17.0,1.0,0.0,0.0
0.92,50.0,0.96,0.03,0.11000000000000001
0.76,5.0,0.8699999999999999,0.2,0.0
0.92,1.0,0.8800000000000001,0.13,0.0
0.66,6.0,0.85,0.23000000000000004,0.0
0.66,7.0,1.0,0.0,0.0
0.66,8.0,1.0,0.0,0.0
0.66,9.0,1.0,0.0,0.0
0.66,10.0,1.0,0.0,0.0
0.66,11.0,1.0,0.0,0.0
0.66,12.0,1.0,0.0,0.0
0.66,13.0,1.0,0.0,0.0
0.66,14.0,1.0,0.0,0.0
0.66,15.0,1.0,0.0,0.0
0.66,16.0,1.0,0.0,0.0
0.9400000000000001,38.0,0.9400000000000001,0.02,0.09
0.62,6.0,0.8200000000000001,0.24000000000000005,0.0
0.62,7.0,1.0,0.0,0.0
0.62,8.0,1.0,0.0,0.0
0.62,9.0,1.0,0.0,0.0
0.62,10.0,1.0,0.0,0.0
0.62,11.0,1.0,0.0,0.0
0.62,12.0,1.0,0.0,0.0
0.62,13.0,1.0,0.0,0.0
0.62,14.0,1.0,0.0,0.0
0.62,15.0,1.0,0.0,0.0
0.62,16.0,1.0,0.0,0.0
0.62,17.0,1.0,0.0,0.0
0.62,18.0,1.0,0.0,0.0
0.84,4.0,0.8600000000000001,0.09,0.0
0.78,5.0,0.9199999999999999,0.24,0.0
0.86,4.0,0.85,0.07999999999999999,0.0
0.98,31.0,0.5700000000000001,0.13000000000000003,0.23000000000000004
0.96,31.0,0.58,0.22000000000000003,0.21999999999999997
0.88,4.0,0.9000000000000001,0.06999999999999999,0.0
0.98,1.0,0.9100000000000001,0.09,0.0
0.68,6.0,0.8299999999999998,0.27,0.0
0.68,7.0,1.0,0.0,0.0
0.68,8.0,1.0,0.0,0.0
0.68,9.0,1.0,0.0,0.0
0.68,10.0,1.0,0.0,0.0
0.68,11.0,1.0,0.0,0.0
0.68,12.0,1.0,0.0,0.0
0.68,13.0,1.0,0.0,0.0
0.68,14.0,1.0,0.0,0.0
0.68,15.0,1.0,0.0,0.0
0.9400000000000001,5.0,0.8,0.28,0.0
0.9400000000000001,39.0,0.86,0.06999999999999999,0.17
0.7000000000000001,6.0,0.8,0.19,0.0
0.7000000000000001,7.0,1.0,0.0,0.0
0.7000000000000001,8.0,1.0,0.0,0.0
0.7000000000000001,9.0,1.0,0.0,0.0
0.7000000000000001,10.0,1.0,0.0,0.0
0.7000000000000001,11.0,1.0,0.0,0.0
0.7000000000000001,12.0,1.0,0.0,0.0
0.7000000000000001,13.0,1.0,0.0,0.0
0.7000000000000001,14.0,1.0,0.0,0.0
0.9400000000000001,40.0,0.9400000000000001,0.01,0.08
0.8,5.0,0.89,0.18,0.0
0.72,6.0,0.78,0.30000000000000004,0.0
0.72,7.0,1.0,0.0,0.0
0.72,8.0,1.0,0.0,0.0
0.72,9.0,1.0,0.0,0.0
0.72,10.0,1.0,0.0,0.0
0.72,11.0,1.0,0.0,0.0
0.72,12.0,1.0,0.0,0.0
0.72,13.0,1.0,0.0,0.0
0.74,6.0,0.8299999999999998,0.19,0.0
0.74,7.0,1.0,0.0,0.0
0.74,8.0,1.0,0.0,0.0
0.74,9.0,1.0,0.0,0.0
0.74,10.0,1.0,0.0,0.0
0.74,11.0,1.0,0.0,0.0
0.74,12.0,1.0,0.0,0.0
0.9400000000000001,41.0,0.85,0.04,0.11000000000000001
0.9,3.0,0.9000000000000001,0.09999999999999999,0.0
0.96,3.0,0.9000000000000001,0.09999999999999999,0.0
0.88,5.0,0.95,0.2,0.0
0.98,2.0,0.9200000000000002,0.1,0.0
0.8200000000000001,5.0,0.8699999999999999,0.2,0.0
0.76,6.0,0.78,0.3,0.0
0.76,7.0,1.0,0.0,0.0
0.76,8.0,1.0,0.0,0.0
0.76,9.0,1.0,0.0,0.0
0.76,10.0,1.0,0.0,0.0
0.76,11.0,1.0,0.0,0.0
0.98,32.0,0.66,0.2,0.26
0.96,32.0,0.65,0.18,0.21000000000000002
0.86,5.0,0.89,0.25999999999999995,0.0
0.9400000000000001,6.0,0.8800000000000001,0.15,0.0
0.9400000000000001,7.0,1.0,0.0,0.0
0.9400000000000001,8.0,1.0,0.0,0.0
0.9400000000000001,9.0,1.0,0.0,0.0
0.9400000000000001,10.0,1.0,0.0,0.0
0.9400000000000001,11.0,1.0,0.0,0.0
0.9400000000000001,12.0,1.0,0.0,0.0
0.9400000000000001,13.0,1.0,0.0,0.0
0.9400000000000001,14.0,1.0,0.0,0.0
0.9400000000000001,15.0,1.0,0.0,0.0
0.9400000000000001,16.0,1.0,0.0,0.0
0.9400000000000001,17.0,1.0,0.0,0.0
0.9400000000000001,18.0,1.0,0.0,0.0
0.9400000000000001,19.0,1.0,0.0,0.0
0.9400000000000001,20.0,1.0,0.0,0.0
0.9400000000000001,21.0,1.0,0.0,0.0
0.9400000000000001,22.0,1.0,0.0,0.0
0.9400000000000001,23.0,1.0,0.0,0.0
0.9400000000000001,24.0,1.0,0.0,0.0
0.9400000000000001,25.0,1.0,0.0,0.0
0.9400000000000001,26.0,1.0,0.0,0.0
0.9400000000000001,27.0,0.93,0.02,0.03
0.9400000000000001,42.0,0.71,0.1,0.19999999999999998
0.9400000000000001,43.0,0.9800000000000001,0.02,0.06999999999999999
0.9400000000000001,0.0,0.9000000000000001,0.09,0.0
0.78,6.0,0.8699999999999999,0.16999999999999998,0.0
0.78,7.0,1.0,0.0,0.0
0.78,8.0,1.0,0.0,0.0
0.78,9.0,1.0,0.0,0.0
0.78,10.0,1.0,0.0,0.0
0.92,2.0,0.9000000000000001,0.10999999999999999,0.0
0.84,5.0,0.8400000000000002,0.14000000000000004,0.0
0.8,6.0,0.85,0.20999999999999996,0.0
0.8,7.0,1.0,0.0,0.0
0.8,8.0,1.0,0.0,0.0
0.8,9.0,1.0,0.0,0.0
0.96,33.0,0.78,0.13,0.14999999999999997
0.9400000000000001,44.0,0.8800000000000001,0.06000000000000001,0.13999999999999999
0.96,4.0,0.8800000000000002,0.12,0.0
0.98,3.0,0.93,0.07999999999999999,0.0
0.9,4.0,0.8600000000000001,0.17,0.0
0.8200000000000001,6.0,0.8400000000000001,0.23000000000000004,0.0
0.8200000000000001,7.0,1.0,0.0,0.0
0.8200000000000001,8.0,1.0,0.0,0.0
0.96,34.0,0.82,0.14,0.13999999999999999
0.98,33.0,0.6399999999999999,0.23000000000000004,0.25000000000000006
0.9400000000000001,45.0,0.78,0.04,0.14
0.86,6.0,0.82,0.32,0.0
0.9400000000000001,1.0,0.8800000000000002,0.12,0.0
0.96,35.0,0.9,0.06000000000000001,0.09
0.9400000000000001,46.0,0.85,0.06000000000000001,0.12000000000000002
0.92,3.0,0.9100000000000001,0.09,0.0
0.98,34.0,0.8,0.05,0.1
0.84,6.0,0.8,0.14,0.0
0.84,7.0,1.0,0.0,0.0
0.96,5.0,0.82,0.13999999999999999,0.0
0.98,4.0,0.8600000000000001,0.15000000000000002,0.0
0.96,36.0,0.8400000000000001,0.11000000000000001,0.12999999999999998
0.9400000000000001,47.0,0.76,0.12,0.21999999999999997
0.9400000000000001,2.0,0.9100000000000001,0.07999999999999999,0.0
0.98,35.0,0.6100000000000001,0.22000000000000003,0.24
0.9400000000000001,48.0,0.8400000000000001,0.06999999999999999,0.17
0.96,37.0,0.6199999999999999,0.19,0.19
0.9400000000000001,49.0,0.8699999999999999,0.030000000000000006,0.10999999999999999
0.98,5.0,0.78,0.41000000000000003,0.0
0.96,6.0,0.89,0.21999999999999997,0.0
0.96,7.0,1.0,0.0,0.0
0.96,8.0,1.0,0.0,0.0
0.96,9.0,1.0,0.0,0.0
0.96,10.0,1.0,0.0,0.0
0.96,11.0,1.0,0.0,0.0
0.96,12.0,1.0,0.0,0.0
0.96,13.0,1.0,0.0,0.0
0.96,14.0,1.0,0.0,0.0
0.96,15.0,1.0,0.0,0.0
0.96,16.0,1.0,0.0,0.0
0.96,17.0,1.0,0.0,0.0
0.96,18.0,1.0,0.0,0.0
0.96,19.0,1.0,0.0,0.0
0.96,20.0,1.0,0.0,0.0
0.96,21.0,1.0,0.0,0.0
0.96,22.0,1.0,0.0,0.0
0.96,23.0,1.0,0.0,0.0
0.96,24.0,1.0,0.0,0.0
0.96,25.0,1.0,0.0,0.0
0.96,26.0,1.0,0.0,0.0
0.9400000000000001,50.0,0.8600000000000001,0.01,0.10000000000000002
0.98,36.0,0.7499999999999999,0.15,0.22000000000000003
0.96,38.0,0.7499999999999999,0.15,0.19000000000000003
0.98,37.0,0.6700000000000002,0.22000000000000003,0.21000000000000002
0.98,6.0,0.85,0.16000000000000003,0.0
0.98,7.0,1.0,0.0,0.0
0.98,8.0,1.0,0.0,0.0
0.98,9.0,1.0,0.0,0.0
0.98,10.0,1.0,0.0,0.0
0.98,11.0,1.0,0.0,0.0
0.98,12.0,1.0,0.0,0.0
0.98,13.0,1.0,0.0,0.0
0.98,14.0,1.0,0.0,0.0
0.98,15.0,1.0,0.0,0.0
0.98,16.0,1.0,0.0,0.0
0.98,17.0,1.0,0.0,0.0
0.98,18.0,1.0,0.0,0.0
0.98,19.0,1.0,0.0,0.0
0.98,20.0,1.0,0.0,0.0
0.98,21.0,1.0,0.0,0.0
0.98,22.0,1.0,0.0,0.0
0.98,23.0,1.0,0.0,0.0
0.98,24.0,1.0,0.0,0.0
0.98,25.0,1.0,0.0,0.0
0.96,0.0,0.9000000000000001,0.09999999999999999,0.0
0.96,39.0,0.5400000000000001,0.29999999999999993,0.29
0.96,40.0,0.5800000000000002,0.16,0.22999999999999998
0.98,38.0,0.5900000000000001,0.15,0.19
0.96,41.0,0.57,0.25,0.31999999999999995
0.96,42.0,0.76,0.15,0.22000000000000003
0.96,43.0,0.82,0.1,0.15999999999999998
0.96,44.0,0.97,0.0,0.06
0.96,1.0,0.9200000000000002,0.07999999999999999,0.0
0.98,39.0,0.76,0.15,0.16000000000000003
0.96,45.0,0.66,0.07,0.16999999999999998
0.96,46.0,0.9100000000000001,0.030000000000000006,0.11000000000000001
0.96,47.0,1.0,0.0,0.06999999999999999
0.96,48.0,0.95,0.04,0.07999999999999999
0.96,49.0,0.89,0.06999999999999999,0.13999999999999999
0.98,40.0,0.61,0.21000000000000005,0.22000000000000003
0.96,50.0,0.8399999999999999,0.05,0.13
0.98,41.0,0.5900000000000001,0.18000000000000002,0.23000000000000004
0.98,0.0,0.9100000000000001,0.09,0.0
0.98,42.0,0.55,0.16,0.22000000000000003
0.98,43.0,0.6,0.22000000000000003,0.24
0.98,44.0,0.71,0.16,0.17
0.98,45.0,0.6100000000000001,0.14,0.22999999999999998
0.98,46.0,0.75,0.15,0.13999999999999999
0.98,47.0,0.5700000000000001,0.09,0.13999999999999999
0.98,48.0,0.72,0.14,0.15
0.98,49.0,0.6100000000000001,0.12999999999999998,0.13999999999999999
0.98,50.0,0.52,0.15,0.22000000000000003
